Top pages,Clicks,Impressions,CTR,Position
https://www.wetbulb35.com/wetbulb-temperature/united-states/texas/prosper/,177,650,27.23%,3.41
https://www.wetbulb35.com/wetbulb-temperature/united-states/texas/midlothian/,36,149,24.16%,3.52
https://www.wetbulb35.com/wetbulb-temperature/united-states/arkansas/greenwood/,28,98,28.57%,2.78
https://www.wetbulb35.com/wetbulb-temperature/united-states/illinois/bolingbrook,28,58,48.28%,5
https://www.wetbulb35.com/wetbulb-temperature/united-states/texas/waxahachie/,25,178,14.04%,4.8
https://www.wetbulb35.com/wetbulb-temperature/united-states/texas/argyle,24,187,12.83%,4.16
https://www.wetbulb35.com/wetbulb-temperature/united-states/texas/godley,23,147,15.65%,3.84
https://www.wetbulb35.com/wetbulb-temperature/united-states/texas/flower-mound,22,385,5.71%,6.2
https://www.wetbulb35.com/wetbulb-temperature/united-states/texas/celina,20,133,15.04%,4.56
https://www.wetbulb35.com/wetbulb-temperature/united-states/alabama/vestavia-hills,19,27,70.37%,2.89
https://www.wetbulb35.com/wetbulb-temperature/united-states/texas/longview,18,194,9.28%,5.2
https://www.wetbulb35.com/wetbulb-temperature/united-states/georgia/milton,18,91,19.78%,5.11
https://www.wetbulb35.com/wetbulb-temperature/united-states/mississippi/olive-branch,17,103,16.5%,4.65
https://www.wetbulb35.com/wetbulb-temperature/united-states/oklahoma/bixby,16,328,4.88%,4.97
https://www.wetbulb35.com/wetbulb-temperature/united-states/texas/caddo-mills,16,101,15.84%,3.73
https://www.wetbulb35.com/wetbulb-temperature/united-states/texas/burkburnett,16,100,16%,4.07
https://www.wetbulb35.com/wetbulb-temperature/united-states/mississippi/tupelo,15,160,9.38%,5.15
https://www.wetbulb35.com/wetbulb-temperature/united-states/texas/waxahachie,15,133,11.28%,4.29
https://www.wetbulb35.com/wetbulb-temperature/united-states/texas/belton,14,127,11.02%,4.73
https://www.wetbulb35.com/wetbulb-temperature/united-states/texas/grapevine,14,115,12.17%,4.8
https://www.wetbulb35.com/wetbulb-temperature/united-states/texas/royse-city,14,98,14.29%,4.54
https://www.wetbulb35.com/wetbulb-temperature/united-states/texas/azle,14,97,14.43%,3.84
https://www.wetbulb35.com/wetbulb-temperature/united-states/texas/friendswood,14,87,16.09%,4.3
https://www.wetbulb35.com/wetbulb-temperature/united-states/texas/liberty-hill,14,79,17.72%,4.43
https://www.wetbulb35.com/wetbulb-temperature/united-states/texas/justin,14,70,20%,3.8
https://www.wetbulb35.com/wetbulb-temperature/united-states/texas/dripping-springs,13,200,6.5%,5.27
https://www.wetbulb35.com/wetbulb-temperature/united-states/texas/tomball,13,177,7.34%,5.28
https://www.wetbulb35.com/wetbulb-temperature/united-states/texas/sanger,13,163,7.98%,5.03
https://www.wetbulb35.com/wetbulb-temperature/united-states/mississippi/brandon,13,151,8.61%,4.78
https://www.wetbulb35.com/wetbulb-temperature/united-states/tennessee/clarksville/,13,105,12.38%,5.26
https://www.wetbulb35.com/wetbulb-temperature/united-states/mississippi/batesville,13,74,17.57%,3.68
https://www.wetbulb35.com/wetbulb-temperature/united-states/texas/hondo,13,73,17.81%,3.88
https://www.wetbulb35.com/,13,55,23.64%,56.73
https://www.wetbulb35.com/wetbulb-temperature/united-states/texas/southlake,12,377,3.18%,5.64
https://www.wetbulb35.com/wetbulb-temperature/united-states/texas/wylie,12,323,3.72%,4.9
https://www.wetbulb35.com/wetbulb-temperature/united-states/texas/kilgore,12,175,6.86%,4.49
https://www.wetbulb35.com/wetbulb-temperature/united-states/texas/ponder,12,91,13.19%,4.71
https://www.wetbulb35.com/wetbulb-temperature/united-states/texas/denton/,11,305,3.61%,6.32
https://www.wetbulb35.com/wetbulb-temperature/united-states/texas/georgetown,11,181,6.08%,6.43
https://www.wetbulb35.com/wetbulb-temperature/united-states/california/rancho-santa-margarita,11,131,8.4%,5.78
https://www.wetbulb35.com/wetbulb-temperature/united-states/mississippi/madison,11,114,9.65%,5.46
https://www.wetbulb35.com/wetbulb-temperature/united-states/kansas/hesston,11,96,11.46%,4.69
https://www.wetbulb35.com/wetbulb-temperature/united-states/missouri/webb-city,11,93,11.83%,4.88
https://www.wetbulb35.com/wetbulb-temperature/united-states/texas/cypress,11,85,12.94%,6.11
https://www.wetbulb35.com/wetbulb-temperature/united-states/kansas/chanute,11,76,14.47%,4.09
https://www.wetbulb35.com/wetbulb-temperature/united-states/texas/kyle,11,71,15.49%,4.46
https://www.wetbulb35.com/wetbulb-temperature/united-states/texas/princeton,10,214,4.67%,5.87
https://www.wetbulb35.com/wetbulb-temperature/united-states/oklahoma/bethany,10,186,5.38%,5.01
https://www.wetbulb35.com/wetbulb-temperature/united-states/kansas/hays,10,94,10.64%,4.36
https://www.wetbulb35.com/wetbulb-temperature/united-states/texas/coppell,10,91,10.99%,4.02
https://www.wetbulb35.com/wetbulb-temperature/united-states/tennessee/hendersonville,10,86,11.63%,4.98
https://www.wetbulb35.com/wetbulb-temperature/united-states/kansas/prairie-village,10,78,12.82%,5.23
https://www.wetbulb35.com/wetbulb-temperature/united-states/illinois/chatham,10,71,14.08%,4.86
https://www.wetbulb35.com/wetbulb-temperature/united-states/mississippi/guntown,10,61,16.39%,2.98
https://www.wetbulb35.com/wetbulb-temperature/united-states/illinois/st-charles,10,60,16.67%,4.85
https://www.wetbulb35.com/wetbulb-temperature/united-states/arkansas/magnolia,10,33,30.3%,4
https://www.wetbulb35.com/wetbulb-temperature/united-states/california/wildomar,10,17,58.82%,2.76
https://www.wetbulb35.com/wetbulb-temperature/united-states/kansas/olathe/,9,167,5.39%,7.61
https://www.wetbulb35.com/wetbulb-temperature/united-states/texas/weatherford,9,141,6.38%,5.66
https://www.wetbulb35.com/wetbulb-temperature/united-states/texas/temple,9,130,6.92%,5.13
https://www.wetbulb35.com/wetbulb-temperature/united-states/texas/keller/,9,121,7.44%,4.65
https://www.wetbulb35.com/wetbulb-temperature/united-states/texas/trophy-club,9,114,7.89%,3.8
https://www.wetbulb35.com/wetbulb-temperature/united-states/texas/sugar-land,9,101,8.91%,5.04
https://www.wetbulb35.com/wetbulb-temperature/united-states/texas/stephenville,9,96,9.38%,4.89
https://www.wetbulb35.com/wetbulb-temperature/united-states/texas/whitesboro,9,91,9.89%,4.86
https://www.wetbulb35.com/wetbulb-temperature/united-states/mississippi/caledonia,9,84,10.71%,3.82
https://www.wetbulb35.com/wetbulb-temperature/united-states/mississippi/fulton/,9,84,10.71%,4.76
https://www.wetbulb35.com/wetbulb-temperature/united-states/missouri/seneca,9,73,12.33%,4.25
https://www.wetbulb35.com/wetbulb-temperature/united-states/texas/lavon,9,59,15.25%,4.27
https://www.wetbulb35.com/wetbulb-temperature/united-states/illinois/olney,9,52,17.31%,5.23
https://www.wetbulb35.com/wetbulb-temperature/united-states/illinois/millstadt,9,45,20%,3.07
https://www.wetbulb35.com/wetbulb-temperature/united-states/arkansas/searcy,9,45,20%,4
https://www.wetbulb35.com/wetbulb-temperature/united-states/kansas/cheney,9,45,20%,4.13
https://www.wetbulb35.com/wetbulb-temperature/united-states/nebraska/crete,9,45,20%,4.44
https://www.wetbulb35.com/wetbulb-temperature/united-states/georgia/suwanee/,9,45,20%,8.22
https://www.wetbulb35.com/wetbulb-temperature/united-states/illinois/evergreen-park,9,33,27.27%,4.3
https://www.wetbulb35.com/wetbulb-temperature/united-states/texas/whitewright,9,31,29.03%,4.03
https://www.wetbulb35.com/wetbulb-temperature/india/andhra-pradesh/visakhapatnam/,9,31,29.03%,5.74
https://www.wetbulb35.com/wetbulb-temperature/united-states/mississippi/oxford,8,311,2.57%,6.6
https://www.wetbulb35.com/wetbulb-temperature/united-states/missouri/joplin,8,276,2.9%,6.94
https://www.wetbulb35.com/wetbulb-temperature/united-states/mississippi/tupelo/,8,250,3.2%,5.51
https://www.wetbulb35.com/wetbulb-temperature/united-states/california/garden-grove,8,147,5.44%,5.37
https://www.wetbulb35.com/wetbulb-temperature/united-states/mississippi/pontotoc,8,119,6.72%,5.01
https://www.wetbulb35.com/wetbulb-temperature/united-states/texas/malakoff,8,78,10.26%,3.72
https://www.wetbulb35.com/wetbulb-temperature/united-states/mississippi/florence,8,74,10.81%,3.76
https://www.wetbulb35.com/wetbulb-temperature/united-states/arkansas/bryant/,8,61,13.11%,4.3
https://www.wetbulb35.com/wetbulb-temperature/united-states/texas/krum,8,59,13.56%,3.83
https://www.wetbulb35.com/wetbulb-temperature/united-states/texas/schertz,8,59,13.56%,4.68
https://www.wetbulb35.com/wetbulb-temperature/united-states/illinois/freeburg,8,52,15.38%,3.88
https://www.wetbulb35.com/wetbulb-temperature/united-states/tennessee/maryville/,8,52,15.38%,4.69
https://www.wetbulb35.com/wetbulb-temperature/united-states/illinois/lombard,8,52,15.38%,5.69
https://www.wetbulb35.com/wetbulb-temperature/united-states/texas/haslet,8,49,16.33%,4.47
https://www.wetbulb35.com/wetbulb-temperature/united-states/texas/pilot-point,8,47,17.02%,3.32
https://www.wetbulb35.com/wetbulb-temperature/united-states/mississippi/cleveland,8,31,25.81%,3.74
https://www.wetbulb35.com/wetbulb-temperature/united-states/texas/rockwall,7,215,3.26%,5.43
https://www.wetbulb35.com/wetbulb-temperature/united-states/arkansas/cabot,7,210,3.33%,4.95
https://www.wetbulb35.com/wetbulb-temperature/united-states/texas/cedar-park,7,173,4.05%,5.06
https://www.wetbulb35.com/wetbulb-temperature/united-states/texas/abilene,7,160,4.38%,6.55
https://www.wetbulb35.com/wetbulb-temperature/united-states/texas/arlington,7,159,4.4%,5.94
https://www.wetbulb35.com/wetbulb-temperature/united-states/texas/richardson,7,139,5.04%,5.65
https://www.wetbulb35.com/wetbulb-temperature/united-states/illinois/mascoutah/,7,107,6.54%,5.34
https://www.wetbulb35.com/wetbulb-temperature/united-states/texas/nederland,7,97,7.22%,4.91
https://www.wetbulb35.com/wetbulb-temperature/united-states/arkansas/benton,7,92,7.61%,5.22
https://www.wetbulb35.com/wetbulb-temperature/united-states/illinois/waterloo,7,87,8.05%,4.64
https://www.wetbulb35.com/wetbulb-temperature/united-states/missouri/jefferson-city,7,86,8.14%,5.19
https://www.wetbulb35.com/wetbulb-temperature/united-states/mississippi/hernando,7,83,8.43%,4.86
https://www.wetbulb35.com/wetbulb-temperature/united-states/illinois/macomb,7,82,8.54%,4.3
https://www.wetbulb35.com/wetbulb-temperature/united-states/tennessee/brentwood,7,74,9.46%,5.03
https://www.wetbulb35.com/wetbulb-temperature/united-states/illinois/quincy,7,71,9.86%,5.48
https://www.wetbulb35.com/wetbulb-temperature/united-states/texas/baytown,7,69,10.14%,5.49
https://www.wetbulb35.com/wetbulb-temperature/united-states/ohio/hilliard,7,66,10.61%,5.74
https://www.wetbulb35.com/wetbulb-temperature/united-states/texas/mont-belvieu,7,63,11.11%,3.92
https://www.wetbulb35.com/wetbulb-temperature/united-states/texas/fulshear,7,63,11.11%,4.49
https://www.wetbulb35.com/wetbulb-temperature/united-states/illinois/troy,7,59,11.86%,5.19
https://www.wetbulb35.com/wetbulb-temperature/united-states/texas/nevada,7,51,13.73%,4
https://www.wetbulb35.com/wetbulb-temperature/united-states/georgia/sylvester,7,51,13.73%,4.1
https://www.wetbulb35.com/wetbulb-temperature/united-states/ohio/marysville,7,47,14.89%,4.09
https://www.wetbulb35.com/wetbulb-temperature/united-states/mississippi/belmont,7,41,17.07%,4.39
https://www.wetbulb35.com/wetbulb-temperature/united-states/texas/alvin/,7,37,18.92%,7.38
https://www.wetbulb35.com/wetbulb-temperature/united-states/ohio/defiance,7,35,20%,2.69
https://www.wetbulb35.com/wetbulb-temperature/united-states/mississippi/iuka,7,33,21.21%,3.76
https://www.wetbulb35.com/wetbulb-temperature/united-states/texas/white-oak,7,27,25.93%,3.78
https://www.wetbulb35.com/wetbulb-temperature/united-states/texas/euless,7,24,29.17%,3.54
https://www.wetbulb35.com/wetbulb-temperature/united-states/texas/kemp,7,23,30.43%,3.74
https://www.wetbulb35.com/wetbulb-temperature/united-states/mississippi/purvis,7,22,31.82%,2.45
https://www.wetbulb35.com/wetbulb-temperature/united-states/louisiana/youngsville,7,16,43.75%,2.94
https://www.wetbulb35.com/wetbulb-temperature/united-states/texas/hughes-springs,7,13,53.85%,3.23
https://www.wetbulb35.com/wetbulb-temperature/united-states/texas/iowa-colony,7,11,63.64%,3.64
https://www.wetbulb35.com/wetbulb-temperature/united-states/texas/frisco,6,365,1.64%,7.89
https://www.wetbulb35.com/wetbulb-temperature/united-states/oklahoma/edmond,6,286,2.1%,7.57
https://www.wetbulb35.com/wetbulb-temperature/united-states/oklahoma/broken-arrow,6,225,2.67%,7.93
https://www.wetbulb35.com/wetbulb-temperature/united-states/mississippi/booneville,6,151,3.97%,4.48
https://www.wetbulb35.com/wetbulb-temperature/united-states/arizona/gilbert,6,124,4.84%,8.15
https://www.wetbulb35.com/wetbulb-temperature/united-states/texas/brenham,6,123,4.88%,4.33
https://www.wetbulb35.com/wetbulb-temperature/united-states/virginia/stafford,6,121,4.96%,5.5
https://www.wetbulb35.com/wetbulb-temperature/united-states/oklahoma/mustang,6,119,5.04%,6.57
https://www.wetbulb35.com/wetbulb-temperature/united-states/arkansas/conway,6,96,6.25%,5.78
https://www.wetbulb35.com/wetbulb-temperature/united-states/texas/iowa-park,6,95,6.32%,5.32
https://www.wetbulb35.com/wetbulb-temperature/united-states/texas/cypress/,6,89,6.74%,8.9
https://www.wetbulb35.com/wetbulb-temperature/united-states/oklahoma/midwest-city,6,88,6.82%,7.34
https://www.wetbulb35.com/wetbulb-temperature/united-states/texas/burleson/,6,87,6.9%,4.18
https://www.wetbulb35.com/wetbulb-temperature/india/telangana/hyderabad/,6,86,6.98%,10.9
https://www.wetbulb35.com/wetbulb-temperature/united-states/texas/joshua,6,85,7.06%,4.48
https://www.wetbulb35.com/wetbulb-temperature/united-states/texas/anna,6,83,7.23%,6.58
https://www.wetbulb35.com/wetbulb-temperature/united-states/kansas/lenexa,6,81,7.41%,7.1
https://www.wetbulb35.com/wetbulb-temperature/united-states/illinois/rockford,6,79,7.59%,7.25
https://www.wetbulb35.com/wetbulb-temperature/united-states/illinois/mahomet,6,78,7.69%,4.55
https://www.wetbulb35.com/wetbulb-temperature/united-states/iowa/cedar-rapids,6,73,8.22%,4.59
https://www.wetbulb35.com/wetbulb-temperature/united-states/missouri/festus,6,71,8.45%,5.23
https://www.wetbulb35.com/wetbulb-temperature/united-states/illinois/elmhurst,6,65,9.23%,4.45
https://www.wetbulb35.com/wetbulb-temperature/united-states/texas/pottsboro,6,58,10.34%,4.16
https://www.wetbulb35.com/wetbulb-temperature/united-states/illinois/marengo,6,58,10.34%,4.41
https://www.wetbulb35.com/wetbulb-temperature/united-states/texas/bee-cave,6,58,10.34%,5.66
https://www.wetbulb35.com/wetbulb-temperature/united-states/mississippi/jackson,6,55,10.91%,5.33
https://www.wetbulb35.com/wetbulb-temperature/united-states/arkansas/morrilton,6,54,11.11%,4.24
https://www.wetbulb35.com/wetbulb-temperature/united-states/ohio/dayton,6,51,11.76%,7
https://www.wetbulb35.com/wetbulb-temperature/united-states/georgia/thomaston,6,49,12.24%,4.94
https://www.wetbulb35.com/wetbulb-temperature/united-states/illinois/downers-grove,6,45,13.33%,5.07
https://www.wetbulb35.com/wetbulb-temperature/united-states/texas/saginaw,6,44,13.64%,3.75
https://www.wetbulb35.com/wetbulb-temperature/united-states/arkansas/sherwood,6,43,13.95%,4.79
https://www.wetbulb35.com/wetbulb-temperature/united-states/arkansas/booneville,6,42,14.29%,3.83
https://www.wetbulb35.com/wetbulb-temperature/united-states/kansas/arkansas-city,6,41,14.63%,4.07
https://www.wetbulb35.com/wetbulb-temperature/united-states/missouri/ofallon/,6,40,15%,6.4
https://www.wetbulb35.com/wetbulb-temperature/united-states/texas/jewett,6,36,16.67%,4.17
https://www.wetbulb35.com/wetbulb-temperature/united-states/illinois/orland-park,6,36,16.67%,5.89
https://www.wetbulb35.com/wetbulb-temperature/united-states/california/tustin/,6,35,17.14%,5.11
https://www.wetbulb35.com/wetbulb-temperature/united-states/illinois/batavia,6,34,17.65%,4.68
https://www.wetbulb35.com/wetbulb-temperature/united-states/mississippi/union,6,33,18.18%,4.12
https://www.wetbulb35.com/wetbulb-temperature/united-states/california/cerritos,6,33,18.18%,5.7
https://www.wetbulb35.com/wetbulb-temperature/united-states/kansas/maize,6,31,19.35%,4.97
https://www.wetbulb35.com/wetbulb-temperature/united-states/arkansas/ozark,6,31,19.35%,5.29
https://www.wetbulb35.com/wetbulb-temperature/united-states/texas/hawkins,6,27,22.22%,3
https://www.wetbulb35.com/wetbulb-temperature/united-states/nebraska/papillion/,6,27,22.22%,4.93
https://www.wetbulb35.com/wetbulb-temperature/united-states/california/camarillo,6,26,23.08%,4.58
https://www.wetbulb35.com/wetbulb-temperature/united-states/georgia/ocilla,6,25,24%,3.52
https://www.wetbulb35.com/wetbulb-temperature/united-states/ohio/sunbury,6,24,25%,4.58
https://www.wetbulb35.com/wetbulb-temperature/united-states/texas/giddings,6,22,27.27%,3.09
https://www.wetbulb35.com/wetbulb-temperature/united-states/arkansas/clinton/,6,20,30%,2.7
https://www.wetbulb35.com/wetbulb-temperature/united-states/illinois/lake-forest,6,19,31.58%,4
https://www.wetbulb35.com/wetbulb-temperature/united-states/illinois/mount-prospect,6,19,31.58%,4.42
https://www.wetbulb35.com/wetbulb-temperature/united-states/mississippi/picayune,6,16,37.5%,3.25
https://www.wetbulb35.com/wetbulb-temperature/united-states/georgia/waynesboro,6,11,54.55%,3.55
https://www.wetbulb35.com/wetbulb-temperature/united-states/texas/mckinney/,5,277,1.81%,8.31
https://www.wetbulb35.com/wetbulb-temperature/united-states/arkansas/bentonville/,5,187,2.67%,6.2
https://www.wetbulb35.com/wetbulb-temperature/united-states/texas/sherman,5,162,3.09%,6.48
https://www.wetbulb35.com/wetbulb-temperature/united-states/georgia/cumming,5,155,3.23%,7.9
https://www.wetbulb35.com/wetbulb-temperature/united-states/texas/waco,5,146,3.42%,8.6
https://www.wetbulb35.com/wetbulb-temperature/united-states/mississippi/meridian,5,123,4.07%,6.05
https://www.wetbulb35.com/wetbulb-temperature/united-states/oklahoma/yukon,5,115,4.35%,6.09
https://www.wetbulb35.com/wetbulb-temperature/united-states/arkansas/van-buren,5,111,4.5%,4.22
https://www.wetbulb35.com/wetbulb-temperature/united-states/arkansas/hot-springs,5,111,4.5%,8.34
https://www.wetbulb35.com/wetbulb-temperature/united-states/mississippi/corinth,5,110,4.55%,6.14
https://www.wetbulb35.com/wetbulb-temperature/india/karnataka/bengaluru/,5,109,4.59%,20.83
https://www.wetbulb35.com/wetbulb-temperature/united-states/south-carolina/aiken/,5,101,4.95%,5.98
https://www.wetbulb35.com/wetbulb-temperature/united-states/texas/wills-point,5,92,5.43%,4.26
https://www.wetbulb35.com/wetbulb-temperature/united-states/illinois/columbia,5,83,6.02%,5.04
https://www.wetbulb35.com/wetbulb-temperature/united-states/mississippi/hattiesburg/,5,80,6.25%,6.31
https://www.wetbulb35.com/wetbulb-temperature/united-states/kansas/shawnee/,5,80,6.25%,6.75
https://www.wetbulb35.com/wetbulb-temperature/united-states/kansas/ottawa,5,76,6.58%,5.61
https://www.wetbulb35.com/wetbulb-temperature/united-states/tennessee/chattanooga/,5,76,6.58%,7.05
https://www.wetbulb35.com/wetbulb-temperature/united-states/illinois/ofallon/,5,75,6.67%,4.84
https://www.wetbulb35.com/wetbulb-temperature/united-states/texas/crandall,5,73,6.85%,3.22
https://www.wetbulb35.com/wetbulb-temperature/united-states/illinois/red-bud,5,73,6.85%,3.93
https://www.wetbulb35.com/wetbulb-temperature/united-states/texas/deer-park,5,68,7.35%,5.68
https://www.wetbulb35.com/wetbulb-temperature/united-states/texas/lewisville,5,68,7.35%,6.38
https://www.wetbulb35.com/wetbulb-temperature/united-states/oklahoma/sperry/,5,67,7.46%,3.99
https://www.wetbulb35.com/wetbulb-temperature/united-states/kansas/haysville,5,67,7.46%,4.12
https://www.wetbulb35.com/wetbulb-temperature/united-states/illinois/edwardsville/,5,66,7.58%,6.24
https://www.wetbulb35.com/wetbulb-temperature/united-states/texas/midland/,5,66,7.58%,7.79
https://www.wetbulb35.com/wetbulb-temperature/united-states/missouri/wentzville,5,56,8.93%,6.07
https://www.wetbulb35.com/wetbulb-temperature/united-states/illinois/taylorville,5,55,9.09%,4.2
https://www.wetbulb35.com/wetbulb-temperature/united-states/kansas/caney,5,54,9.26%,4.28
https://www.wetbulb35.com/wetbulb-temperature/united-states/texas/willis,5,54,9.26%,4.31
https://www.wetbulb35.com/wetbulb-temperature/united-states/virginia/fredericksburg,5,53,9.43%,5.72
https://www.wetbulb35.com/wetbulb-temperature/united-states/texas/lakeway,5,52,9.62%,4.9
https://www.wetbulb35.com/wetbulb-temperature/united-states/illinois/brighton,5,48,10.42%,5.04
https://www.wetbulb35.com/wetbulb-temperature/united-states/kansas/rossville,5,47,10.64%,4.28
https://www.wetbulb35.com/wetbulb-temperature/united-states/kansas/mcpherson,5,47,10.64%,5.3
https://www.wetbulb35.com/wetbulb-temperature/united-states/mississippi/ocean-springs,5,44,11.36%,4.89
https://www.wetbulb35.com/wetbulb-temperature/united-states/illinois/byron,5,44,11.36%,5.93
https://www.wetbulb35.com/wetbulb-temperature/united-states/florida/middleburg,5,43,11.63%,4.42
https://www.wetbulb35.com/wetbulb-temperature/united-states/illinois/vandalia,5,42,11.9%,4.19
https://www.wetbulb35.com/wetbulb-temperature/united-states/mississippi/diberville,5,42,11.9%,4.36
https://www.wetbulb35.com/wetbulb-temperature/united-states/illinois/paxton,5,40,12.5%,3.7
https://www.wetbulb35.com/wetbulb-temperature/united-states/ohio/westerville/,5,40,12.5%,7.53
https://www.wetbulb35.com/wetbulb-temperature/united-states/missouri/ozark,5,39,12.82%,6.13
https://www.wetbulb35.com/wetbulb-temperature/united-states/illinois/wilmette,5,38,13.16%,4.08
https://www.wetbulb35.com/wetbulb-temperature/united-states/georgia/bogart,5,38,13.16%,4.92
https://www.wetbulb35.com/wetbulb-temperature/united-states/mississippi/kosciusko,5,37,13.51%,3.32
https://www.wetbulb35.com/wetbulb-temperature/united-states/texas/gunter,5,35,14.29%,4.46
https://www.wetbulb35.com/wetbulb-temperature/united-states/illinois/tinley-park,5,35,14.29%,5.03
https://www.wetbulb35.com/wetbulb-temperature/united-states/missouri/shelbina,5,34,14.71%,3.56
https://www.wetbulb35.com/wetbulb-temperature/united-states/illinois/nashville,5,34,14.71%,4.65
https://www.wetbulb35.com/wetbulb-temperature/united-states/arkansas/gravette,5,34,14.71%,4.97
https://www.wetbulb35.com/wetbulb-temperature/united-states/texas/van,5,33,15.15%,4.52
https://www.wetbulb35.com/wetbulb-temperature/united-states/illinois/herscher,5,32,15.62%,5.38
https://www.wetbulb35.com/wetbulb-temperature/united-states/texas/corsicana,5,31,16.13%,4.48
https://www.wetbulb35.com/wetbulb-temperature/united-states/tennessee/spring-hill,5,30,16.67%,5.13
https://www.wetbulb35.com/wetbulb-temperature/united-states/illinois/woodstock/,5,29,17.24%,4.14
https://www.wetbulb35.com/wetbulb-temperature/united-states/mississippi/pearl,5,27,18.52%,3.19
https://www.wetbulb35.com/wetbulb-temperature/united-states/ohio/canal-winchester,5,26,19.23%,3.62
https://www.wetbulb35.com/wetbulb-temperature/united-states/north-carolina/china-grove,5,26,19.23%,4.5
https://www.wetbulb35.com/wetbulb-temperature/united-states/california/santa-monica,5,25,20%,5.16
https://www.wetbulb35.com/wetbulb-temperature/united-states/tennessee/collierville,5,24,20.83%,4.29
https://www.wetbulb35.com/wetbulb-temperature/united-states/california/san-juan-capistrano,5,24,20.83%,4.92
https://www.wetbulb35.com/wetbulb-temperature/united-states/california/alameda,5,23,21.74%,5.22
https://www.wetbulb35.com/wetbulb-temperature/united-states/kansas/great-bend,5,22,22.73%,5.23
https://www.wetbulb35.com/wetbulb-temperature/united-states/georgia/hiram,5,21,23.81%,3.43
https://www.wetbulb35.com/wetbulb-temperature/united-states/texas/clyde,5,21,23.81%,3.67
https://www.wetbulb35.com/wetbulb-temperature/united-states/texas/devine,5,21,23.81%,4.81
https://www.wetbulb35.com/wetbulb-temperature/united-states/oklahoma/glenpool,5,20,25%,3.95
https://www.wetbulb35.com/wetbulb-temperature/united-states/oklahoma/stratford,5,20,25%,4.1
https://www.wetbulb35.com/wetbulb-temperature/united-states/texas/bellville,5,19,26.32%,3.26
https://www.wetbulb35.com/wetbulb-temperature/united-states/arkansas/vilonia,5,17,29.41%,3.41
https://www.wetbulb35.com/wetbulb-temperature/united-states/georgia/rincon,5,17,29.41%,7.71
https://www.wetbulb35.com/wetbulb-temperature/united-states/oklahoma/tishomingo,5,15,33.33%,3.53
https://www.wetbulb35.com/wetbulb-temperature/united-states/florida/titusville,5,13,38.46%,2.85
https://www.wetbulb35.com/wetbulb-temperature/united-states/texas/big-sandy,5,13,38.46%,3.38
https://www.wetbulb35.com/wetbulb-temperature/united-states/florida/clermont,5,13,38.46%,5.92
https://www.wetbulb35.com/wetbulb-temperature/united-states/california/atherton,5,12,41.67%,3.25
https://www.wetbulb35.com/wetbulb-temperature/united-states/texas/alief,5,12,41.67%,4.58
https://www.wetbulb35.com/wetbulb-temperature/united-states/oklahoma/jay,5,11,45.45%,2.64
https://www.wetbulb35.com/wetbulb-temperature/united-states/california/calipatria,5,11,45.45%,3
https://www.wetbulb35.com/wetbulb-temperature/united-states/louisiana/prairieville,5,7,71.43%,2.29
https://www.wetbulb35.com/wetbulb-temperature/united-states/texas/kenedy,5,7,71.43%,2.57
https://www.wetbulb35.com/wetbulb-temperature/united-states/indiana/hanover/,5,6,83.33%,2.67
https://www.wetbulb35.com/wetbulb-temperature/united-states/texas/north-richland-hills/,4,154,2.6%,5.54
https://www.wetbulb35.com/wetbulb-temperature/united-states/oklahoma/moore,4,137,2.92%,6.33
https://www.wetbulb35.com/wetbulb-temperature/united-states/texas/decatur,4,129,3.1%,5.7
https://www.wetbulb35.com/wetbulb-temperature/united-states/mississippi/amory,4,123,3.25%,4.34
https://www.wetbulb35.com/wetbulb-temperature/india/tamil-nadu/chennai/,4,107,3.74%,8.63
https://www.wetbulb35.com/wetbulb-temperature/united-states/texas/lubbock,4,106,3.77%,6.26
https://www.wetbulb35.com/wetbulb-temperature/united-states/georgia/dalton,4,103,3.88%,8.4
https://www.wetbulb35.com/wetbulb-temperature/united-states/arkansas/fort-smith,4,93,4.3%,6.12
https://www.wetbulb35.com/wetbulb-temperature/united-states/ohio/lima,4,87,4.6%,7.1
https://www.wetbulb35.com/wetbulb-temperature/united-states/texas/denison,4,85,4.71%,5.34
https://www.wetbulb35.com/wetbulb-temperature/united-states/texas/dumas,4,82,4.88%,4.98
https://www.wetbulb35.com/wetbulb-temperature/united-states/texas/leander,4,76,5.26%,5.2
https://www.wetbulb35.com/wetbulb-temperature/united-states/kansas/manhattan/,4,75,5.33%,10.8
https://www.wetbulb35.com/wetbulb-temperature/united-states/california/orange,4,74,5.41%,7.07
https://www.wetbulb35.com/wetbulb-temperature/united-states/illinois/belvidere,4,72,5.56%,4.36
https://www.wetbulb35.com/wetbulb-temperature/united-states/kansas/pittsburg,4,71,5.63%,5.86
https://www.wetbulb35.com/wetbulb-temperature/united-states/mississippi/gulfport,4,70,5.71%,5.97
https://www.wetbulb35.com/wetbulb-temperature/united-states/georgia/cairo,4,69,5.8%,6.04
https://www.wetbulb35.com/wetbulb-temperature/united-states/kansas/hutchinson,4,66,6.06%,6.36
https://www.wetbulb35.com/wetbulb-temperature/united-states/texas/hutto,4,65,6.15%,5.42
https://www.wetbulb35.com/wetbulb-temperature/united-states/arkansas/springdale,4,65,6.15%,5.83
https://www.wetbulb35.com/wetbulb-temperature/united-states/illinois/breese,4,62,6.45%,5
https://www.wetbulb35.com/wetbulb-temperature/united-states/texas/huntsville,4,61,6.56%,6.34
https://www.wetbulb35.com/wetbulb-temperature/united-states/texas/van-alstyne,4,60,6.67%,4.23
https://www.wetbulb35.com/wetbulb-temperature/united-states/alabama/tuscaloosa,4,60,6.67%,5.55
https://www.wetbulb35.com/wetbulb-temperature/united-states/mississippi/pascagoula,4,58,6.9%,4.36
https://www.wetbulb35.com/wetbulb-temperature/united-states/oklahoma/ponca-city,4,57,7.02%,4.95
https://www.wetbulb35.com/wetbulb-temperature/united-states/texas/allen,4,57,7.02%,5.46
https://www.wetbulb35.com/wetbulb-temperature/united-states/illinois/alton,4,56,7.14%,5.45
https://www.wetbulb35.com/wetbulb-temperature/united-states/california/santa-ana,4,56,7.14%,5.98
https://www.wetbulb35.com/wetbulb-temperature/united-states/illinois/moline,4,55,7.27%,5.73
https://www.wetbulb35.com/wetbulb-temperature/united-states/texas/wimberley,4,52,7.69%,5.37
https://www.wetbulb35.com/wetbulb-temperature/united-states/north-carolina/mooresville,4,50,8%,7.26
https://www.wetbulb35.com/wetbulb-temperature/united-states/illinois/monticello,4,49,8.16%,4.84
https://www.wetbulb35.com/wetbulb-temperature/united-states/illinois/crystal-lake,4,48,8.33%,4.54
https://www.wetbulb35.com/wetbulb-temperature/united-states/texas/bullard,4,48,8.33%,5.77
https://www.wetbulb35.com/wetbulb-temperature/united-states/missouri/wildwood,4,48,8.33%,6.1
https://www.wetbulb35.com/wetbulb-temperature/united-states/illinois/peru,4,47,8.51%,4.74
https://www.wetbulb35.com/wetbulb-temperature/united-states/kansas/andover,4,47,8.51%,5.11
https://www.wetbulb35.com/wetbulb-temperature/united-states/kansas/de-soto,4,47,8.51%,5.66
https://www.wetbulb35.com/wetbulb-temperature/united-states/mississippi/lucedale,4,44,9.09%,4.2
https://www.wetbulb35.com/wetbulb-temperature/united-states/illinois/south-elgin,4,43,9.3%,6.21
https://www.wetbulb35.com/wetbulb-temperature/united-states/texas/aubrey/,4,42,9.52%,3.81
https://www.wetbulb35.com/wetbulb-temperature/united-states/tennessee/franklin,4,42,9.52%,6.14
https://www.wetbulb35.com/wetbulb-temperature/united-states/illinois/murphysboro,4,41,9.76%,5.37
https://www.wetbulb35.com/wetbulb-temperature/united-states/texas/jacksonville,4,40,10%,3.5
https://www.wetbulb35.com/wetbulb-temperature/united-states/illinois/washington/,4,39,10.26%,4.33
https://www.wetbulb35.com/wetbulb-temperature/united-states/texas/ennis,4,39,10.26%,5.23
https://www.wetbulb35.com/wetbulb-temperature/united-states/missouri/hannibal,4,39,10.26%,6.36
https://www.wetbulb35.com/wetbulb-temperature/united-states/georgia/chickamauga,4,38,10.53%,3.82
https://www.wetbulb35.com/wetbulb-temperature/united-states/illinois/aurora,4,38,10.53%,5.74
https://www.wetbulb35.com/wetbulb-temperature/united-states/north-carolina/weddington,4,37,10.81%,6.46
https://www.wetbulb35.com/wetbulb-temperature/united-states/ohio/mason,4,36,11.11%,5.03
https://www.wetbulb35.com/wetbulb-temperature/united-states/california/chino,4,36,11.11%,6.94
https://www.wetbulb35.com/wetbulb-temperature/united-states/mississippi/saltillo,4,35,11.43%,3.4
https://www.wetbulb35.com/wetbulb-temperature/united-states/mississippi/calhoun-city,4,35,11.43%,3.54
https://www.wetbulb35.com/wetbulb-temperature/united-states/california/davis,4,35,11.43%,5.54
https://www.wetbulb35.com/wetbulb-temperature/united-states/arkansas/beebe,4,34,11.76%,3.62
https://www.wetbulb35.com/wetbulb-temperature/united-states/kansas/derby,4,34,11.76%,4.94
https://www.wetbulb35.com/wetbulb-temperature/united-states/texas/whitney,4,33,12.12%,3.52
https://www.wetbulb35.com/wetbulb-temperature/united-states/iowa/ankeny,4,33,12.12%,5.88
https://www.wetbulb35.com/wetbulb-temperature/united-states/ohio/springfield/,4,33,12.12%,6.3
https://www.wetbulb35.com/wetbulb-temperature/united-states/missouri/hillsboro,4,32,12.5%,4.38
https://www.wetbulb35.com/wetbulb-temperature/united-states/texas/sulphur-springs,4,32,12.5%,4.75
https://www.wetbulb35.com/wetbulb-temperature/united-states/kentucky/campbellsville,4,32,12.5%,4.84
https://www.wetbulb35.com/wetbulb-temperature/united-states/mississippi/decatur,4,32,12.5%,5.03
https://www.wetbulb35.com/wetbulb-temperature/united-states/iowa/pella/,4,31,12.9%,3.68
https://www.wetbulb35.com/wetbulb-temperature/united-states/alabama/hoover,4,31,12.9%,4.77
https://www.wetbulb35.com/wetbulb-temperature/united-states/texas/murphy,4,31,12.9%,5.55
https://www.wetbulb35.com/wetbulb-temperature/united-states/illinois/new-lenox,4,30,13.33%,5.43
https://www.wetbulb35.com/wetbulb-temperature/united-states/south-carolina/roebuck,4,29,13.79%,3.52
https://www.wetbulb35.com/wetbulb-temperature/united-states/illinois/harrisburg,4,28,14.29%,4.5
https://www.wetbulb35.com/wetbulb-temperature/united-states/illinois/petersburg,4,26,15.38%,4.54
https://www.wetbulb35.com/wetbulb-temperature/united-states/illinois/sterling,4,25,16%,4.28
https://www.wetbulb35.com/wetbulb-temperature/united-states/missouri/centralia,4,24,16.67%,5.42
https://www.wetbulb35.com/wetbulb-temperature/united-states/illinois/bensenville,4,24,16.67%,5.58
https://www.wetbulb35.com/wetbulb-temperature/united-states/texas/nocona,4,23,17.39%,2.91
https://www.wetbulb35.com/wetbulb-temperature/united-states/missouri/kirkwood,4,23,17.39%,6.04
https://www.wetbulb35.com/wetbulb-temperature/united-states/nebraska/holdrege,4,22,18.18%,3.41
https://www.wetbulb35.com/wetbulb-temperature/united-states/illinois/trenton,4,21,19.05%,2.9
https://www.wetbulb35.com/wetbulb-temperature/united-states/georgia/ludowici,4,21,19.05%,3.76
https://www.wetbulb35.com/wetbulb-temperature/united-states/ohio/beavercreek/,4,21,19.05%,5
https://www.wetbulb35.com/wetbulb-temperature/united-states/california/placentia,4,20,20%,3.85
https://www.wetbulb35.com/wetbulb-temperature/united-states/tennessee/arlington,4,20,20%,4.5
https://www.wetbulb35.com/wetbulb-temperature/united-states/illinois/evanston/,4,19,21.05%,8.58
https://www.wetbulb35.com/wetbulb-temperature/united-states/california/blythe,4,18,22.22%,3.56
https://www.wetbulb35.com/wetbulb-temperature/united-states/louisiana/denham-springs,4,18,22.22%,3.83
https://www.wetbulb35.com/wetbulb-temperature/united-states/texas/wallis,4,18,22.22%,4
https://www.wetbulb35.com/wetbulb-temperature/united-states/california/yucaipa,4,18,22.22%,4.94
https://www.wetbulb35.com/wetbulb-temperature/united-states/alabama/marion,4,17,23.53%,3.24
https://www.wetbulb35.com/wetbulb-temperature/united-states/mississippi/eupora,4,17,23.53%,3.71
https://www.wetbulb35.com/wetbulb-temperature/united-states/minnesota/saint-peter/,4,17,23.53%,3.94
https://www.wetbulb35.com/wetbulb-temperature/united-states/illinois/carterville,4,17,23.53%,4.12
https://www.wetbulb35.com/wetbulb-temperature/united-states/nebraska/aurora,4,16,25%,3.88
https://www.wetbulb35.com/wetbulb-temperature/united-states/georgia/guyton,4,16,25%,3.94
https://www.wetbulb35.com/wetbulb-temperature/united-states/oklahoma/perkins,4,15,26.67%,4.2
https://www.wetbulb35.com/wetbulb-temperature/united-states/texas/alamo-heights,4,15,26.67%,5
https://www.wetbulb35.com/wetbulb-temperature/united-states/texas/diboll,4,14,28.57%,2.5
https://www.wetbulb35.com/wetbulb-temperature/united-states/illinois/robinson,4,14,28.57%,2.86
https://www.wetbulb35.com/wetbulb-temperature/united-states/florida/dunnellon,4,14,28.57%,3.07
https://www.wetbulb35.com/wetbulb-temperature/united-states/oklahoma/pocola,4,14,28.57%,3.21
https://www.wetbulb35.com/wetbulb-temperature/united-states/mississippi/bay-springs/,4,14,28.57%,4.36
https://www.wetbulb35.com/wetbulb-temperature/united-states/texas/rosenberg,4,14,28.57%,4.79
https://www.wetbulb35.com/wetbulb-temperature/united-states/florida/lake-mary,4,13,30.77%,3.85
https://www.wetbulb35.com/wetbulb-temperature/united-states/mississippi/waynesboro,4,12,33.33%,2.67
https://www.wetbulb35.com/wetbulb-temperature/united-states/oklahoma/hennessey,4,12,33.33%,2.92
https://www.wetbulb35.com/wetbulb-temperature/united-states/illinois/saint-elmo,4,11,36.36%,4.36
https://www.wetbulb35.com/wetbulb-temperature/united-states/texas/maud,4,9,44.44%,2.78
https://www.wetbulb35.com/wetbulb-temperature/india/himachal-pradesh/baddi/,4,9,44.44%,4.67
https://www.wetbulb35.com/wetbulb-temperature/united-states/iowa/waukee,4,7,57.14%,6
https://www.wetbulb35.com/wetbulb-temperature/united-states/oklahoma/kingston,4,5,80%,2.2
https://www.wetbulb35.com/wetbulb-temperature/united-states/oklahoma/jenks,3,198,1.52%,5.64
https://www.wetbulb35.com/wetbulb-temperature/united-states/texas/athens,3,163,1.84%,4.88
https://www.wetbulb35.com/wetbulb-temperature/united-states/kansas/basehor,3,135,2.22%,5.33
https://www.wetbulb35.com/wetbulb-temperature/united-states/texas/plano,3,130,2.31%,9.41
https://www.wetbulb35.com/wetbulb-temperature/united-states/mississippi/new-albany,3,119,2.52%,5.39
https://www.wetbulb35.com/wetbulb-temperature/india/west-bengal/kolkata/,3,117,2.56%,13.38
https://www.wetbulb35.com/wetbulb-temperature/united-states/oklahoma/claremore,3,109,2.75%,6.15
https://www.wetbulb35.com/wetbulb-temperature/united-states/iowa/ames,3,98,3.06%,7.59
https://www.wetbulb35.com/wetbulb-temperature/united-states/illinois/normal,3,97,3.09%,5.62
https://www.wetbulb35.com/wetbulb-temperature/united-states/arkansas/fayetteville/,3,93,3.23%,7.09
https://www.wetbulb35.com/wetbulb-temperature/united-states/georgia/carrollton,3,81,3.7%,6.26
https://www.wetbulb35.com/wetbulb-temperature/united-states/mississippi/olive-branch/,3,80,3.75%,5.99
https://www.wetbulb35.com/wetbulb-temperature/united-states/missouri/lees-summit/,3,78,3.85%,7.77
https://www.wetbulb35.com/wetbulb-temperature/united-states/texas/conroe/,3,77,3.9%,6.01
https://www.wetbulb35.com/wetbulb-temperature/united-states/texas/wichita-falls/,3,77,3.9%,7.94
https://www.wetbulb35.com/wetbulb-temperature/united-states/nebraska/hastings,3,73,4.11%,6.55
https://www.wetbulb35.com/wetbulb-temperature/united-states/texas/san-marcos,3,71,4.23%,5.42
https://www.wetbulb35.com/wetbulb-temperature/united-states/missouri/lebanon,3,68,4.41%,5.16
https://www.wetbulb35.com/wetbulb-temperature/united-states/texas/garland/,3,67,4.48%,7.04
https://www.wetbulb35.com/wetbulb-temperature/united-states/arkansas/russellville/,3,67,4.48%,7.12
https://www.wetbulb35.com/wetbulb-temperature/united-states/georgia/trion,3,66,4.55%,4.33
https://www.wetbulb35.com/wetbulb-temperature/united-states/texas/la-vernia,3,66,4.55%,4.76
https://www.wetbulb35.com/wetbulb-temperature/united-states/arizona/mesa/,3,66,4.55%,9.5
https://www.wetbulb35.com/wetbulb-temperature/united-states/south-carolina/lexington/,3,63,4.76%,6.92
https://www.wetbulb35.com/wetbulb-temperature/united-states/oklahoma/stillwater/,3,63,4.76%,10.71
https://www.wetbulb35.com/wetbulb-temperature/united-states/georgia/watkinsville,3,62,4.84%,5.94
https://www.wetbulb35.com/wetbulb-temperature/united-states/texas/sachse/,3,61,4.92%,4.2
https://www.wetbulb35.com/wetbulb-temperature/united-states/texas/waller,3,60,5%,4.8
https://www.wetbulb35.com/wetbulb-temperature/united-states/missouri/eureka,3,60,5%,6.93
https://www.wetbulb35.com/wetbulb-temperature/united-states/oklahoma/blanchard/,3,59,5.08%,5.76
https://www.wetbulb35.com/wetbulb-temperature/united-states/missouri/oak-grove,3,56,5.36%,5.86
https://www.wetbulb35.com/wetbulb-temperature/united-states/texas/granbury,3,55,5.45%,4.27
https://www.wetbulb35.com/wetbulb-temperature/united-states/texas/heath,3,55,5.45%,5.53
https://www.wetbulb35.com/wetbulb-temperature/united-states/oklahoma/stroud,3,54,5.56%,4.48
https://www.wetbulb35.com/wetbulb-temperature/united-states/north-carolina/huntersville,3,54,5.56%,7.94
https://www.wetbulb35.com/wetbulb-temperature/united-states/illinois/minooka,3,53,5.66%,5.43
https://www.wetbulb35.com/wetbulb-temperature/united-states/mississippi/starkville,3,53,5.66%,6.83
https://www.wetbulb35.com/wetbulb-temperature/united-states/texas/texarkana/,3,52,5.77%,4.4
https://www.wetbulb35.com/wetbulb-temperature/united-states/texas/dickinson,3,51,5.88%,4.65
https://www.wetbulb35.com/wetbulb-temperature/united-states/north-carolina/statesville,3,51,5.88%,6.65
https://www.wetbulb35.com/wetbulb-temperature/united-states/georgia/forsyth,3,51,5.88%,7.51
https://www.wetbulb35.com/wetbulb-temperature/united-states/georgia/jasper,3,50,6%,6.58
https://www.wetbulb35.com/wetbulb-temperature/united-states/texas/mesquite/,3,50,6%,6.7
https://www.wetbulb35.com/wetbulb-temperature/united-states/texas/highland-village,3,49,6.12%,4.02
https://www.wetbulb35.com/wetbulb-temperature/united-states/georgia/roswell,3,49,6.12%,8.57
https://www.wetbulb35.com/wetbulb-temperature/united-states/arkansas/clarksville,3,48,6.25%,4.79
https://www.wetbulb35.com/wetbulb-temperature/united-states/illinois/geneseo,3,48,6.25%,5
https://www.wetbulb35.com/wetbulb-temperature/united-states/mississippi/laurel,3,47,6.38%,4.34
https://www.wetbulb35.com/wetbulb-temperature/united-states/nebraska/norfolk,3,45,6.67%,5.42
https://www.wetbulb35.com/wetbulb-temperature/united-states/georgia/bainbridge,3,45,6.67%,6.27
https://www.wetbulb35.com/wetbulb-temperature/united-states/ohio/dublin,3,45,6.67%,6.47
https://www.wetbulb35.com/wetbulb-temperature/united-states/texas/la-porte,3,42,7.14%,4.57
https://www.wetbulb35.com/wetbulb-temperature/united-states/california/el-cajon,3,42,7.14%,4.69
https://www.wetbulb35.com/wetbulb-temperature/united-states/texas/bedford,3,42,7.14%,4.71
https://www.wetbulb35.com/wetbulb-temperature/united-states/missouri/liberty,3,42,7.14%,6.07
https://www.wetbulb35.com/wetbulb-temperature/united-states/texas/pflugerville/,3,42,7.14%,10.79
https://www.wetbulb35.com/wetbulb-temperature/united-states/illinois/mcleansboro,3,41,7.32%,3.49
https://www.wetbulb35.com/wetbulb-temperature/united-states/illinois/rockton,3,41,7.32%,4.54
https://www.wetbulb35.com/wetbulb-temperature/united-states/south-carolina/anderson/,3,40,7.5%,4.47
https://www.wetbulb35.com/wetbulb-temperature/united-states/kansas/goddard,3,40,7.5%,6.22
https://www.wetbulb35.com/wetbulb-temperature/united-states/virginia/chesapeake/,3,40,7.5%,7.1
https://www.wetbulb35.com/wetbulb-temperature/united-states/california/chula-vista,3,39,7.69%,5.44
https://www.wetbulb35.com/wetbulb-temperature/united-states/ohio/marion,3,39,7.69%,6.33
https://www.wetbulb35.com/wetbulb-temperature/united-states/illinois/belleville,3,38,7.89%,4.18
https://www.wetbulb35.com/wetbulb-temperature/united-states/missouri/doniphan,3,37,8.11%,4.59
https://www.wetbulb35.com/wetbulb-temperature/united-states/missouri/cape-girardeau,3,37,8.11%,5.35
https://www.wetbulb35.com/wetbulb-temperature/united-states/texas/edinburg,3,37,8.11%,5.41
https://www.wetbulb35.com/wetbulb-temperature/united-states/california/jurupa-valley/,3,36,8.33%,5.28
https://www.wetbulb35.com/wetbulb-temperature/united-states/ohio/grove-city,3,36,8.33%,5.31
https://www.wetbulb35.com/wetbulb-temperature/united-states/illinois/centralia,3,35,8.57%,4.71
https://www.wetbulb35.com/wetbulb-temperature/united-states/virginia/orange,3,34,8.82%,4.85
https://www.wetbulb35.com/wetbulb-temperature/united-states/louisiana/bossier-city/,3,34,8.82%,5.06
https://www.wetbulb35.com/wetbulb-temperature/united-states/texas/hedwig-village,3,33,9.09%,2.85
https://www.wetbulb35.com/wetbulb-temperature/united-states/arkansas/centerton,3,33,9.09%,4.55
https://www.wetbulb35.com/wetbulb-temperature/united-states/arkansas/arkadelphia,3,33,9.09%,4.79
https://www.wetbulb35.com/wetbulb-temperature/united-states/nebraska/bennington,3,32,9.38%,3.44
https://www.wetbulb35.com/wetbulb-temperature/united-states/texas/springtown,3,32,9.38%,3.97
https://www.wetbulb35.com/wetbulb-temperature/united-states/oklahoma/collinsville,3,32,9.38%,4.34
https://www.wetbulb35.com/wetbulb-temperature/united-states/kentucky/versailles,3,32,9.38%,5.03
https://www.wetbulb35.com/wetbulb-temperature/united-states/texas/the-colony,3,32,9.38%,5.72
https://www.wetbulb35.com/wetbulb-temperature/united-states/illinois/east-peoria,3,32,9.38%,6.25
https://www.wetbulb35.com/wetbulb-temperature/united-states/texas/la-grange,3,31,9.68%,3.71
https://www.wetbulb35.com/wetbulb-temperature/united-states/missouri/rolla/,3,31,9.68%,13.13
https://www.wetbulb35.com/wetbulb-temperature/united-states/arkansas/greenbrier,3,30,10%,3.8
https://www.wetbulb35.com/wetbulb-temperature/united-states/kansas/baldwin-city,3,30,10%,4.43
https://www.wetbulb35.com/wetbulb-temperature/united-states/texas/angleton,3,30,10%,4.63
https://www.wetbulb35.com/wetbulb-temperature/united-states/south-carolina/irmo,3,30,10%,5.97
https://www.wetbulb35.com/wetbulb-temperature/united-states/illinois/smithton,3,29,10.34%,4.07
https://www.wetbulb35.com/wetbulb-temperature/united-states/texas/manvel,3,29,10.34%,4.14
https://www.wetbulb35.com/wetbulb-temperature/united-states/mississippi/greenwood,3,29,10.34%,4.28
https://www.wetbulb35.com/wetbulb-temperature/united-states/oklahoma/coweta,3,28,10.71%,4.32
https://www.wetbulb35.com/wetbulb-temperature/united-states/texas/red-oak,3,28,10.71%,5.21
https://www.wetbulb35.com/wetbulb-temperature/united-states/oklahoma/poteau,3,28,10.71%,5.5
https://www.wetbulb35.com/wetbulb-temperature/united-states/alabama/madison,3,28,10.71%,5.68
https://www.wetbulb35.com/wetbulb-temperature/united-states/texas/kennedale,3,27,11.11%,3.41
https://www.wetbulb35.com/wetbulb-temperature/united-states/texas/jacksboro,3,27,11.11%,3.89
https://www.wetbulb35.com/wetbulb-temperature/united-states/florida/cooper-city,3,27,11.11%,4.74
https://www.wetbulb35.com/wetbulb-temperature/united-states/kansas/lyons,3,27,11.11%,5.19
https://www.wetbulb35.com/wetbulb-temperature/united-states/illinois/shelbyville,3,26,11.54%,4
https://www.wetbulb35.com/wetbulb-temperature/united-states/kansas/eudora,3,26,11.54%,5.19
https://www.wetbulb35.com/wetbulb-temperature/united-states/texas/caldwell,3,25,12%,3.36
https://www.wetbulb35.com/wetbulb-temperature/united-states/texas/muenster,3,25,12%,4.84
https://www.wetbulb35.com/wetbulb-temperature/united-states/mississippi/collinsville,3,24,12.5%,3.38
https://www.wetbulb35.com/wetbulb-temperature/united-states/illinois/sullivan,3,24,12.5%,4.04
https://www.wetbulb35.com/wetbulb-temperature/united-states/texas/sweeny,3,24,12.5%,4.04
https://www.wetbulb35.com/wetbulb-temperature/united-states/kansas/el-dorado,3,24,12.5%,4.38
https://www.wetbulb35.com/wetbulb-temperature/united-states/oklahoma/mounds,3,24,12.5%,4.38
https://www.wetbulb35.com/wetbulb-temperature/united-states/illinois/hillsboro,3,24,12.5%,4.46
https://www.wetbulb35.com/wetbulb-temperature/united-states/tennessee/tullahoma,3,24,12.5%,4.46
https://www.wetbulb35.com/wetbulb-temperature/united-states/texas/johnson-city,3,24,12.5%,4.88
https://www.wetbulb35.com/wetbulb-temperature/united-states/texas/uvalde,3,24,12.5%,5.54
https://www.wetbulb35.com/wetbulb-temperature/united-states/kansas/overland-park/,3,24,12.5%,12.71
https://www.wetbulb35.com/wetbulb-temperature/united-states/illinois/chester,3,23,13.04%,3.17
https://www.wetbulb35.com/wetbulb-temperature/united-states/arkansas/prairie-grove,3,23,13.04%,3.87
https://www.wetbulb35.com/wetbulb-temperature/united-states/illinois/oak-brook,3,23,13.04%,4.91
https://www.wetbulb35.com/wetbulb-temperature/united-states/california/torrance,3,23,13.04%,6.22
https://www.wetbulb35.com/wetbulb-temperature/united-states/illinois/maple-park,3,22,13.64%,4.09
https://www.wetbulb35.com/wetbulb-temperature/united-states/kansas/hugoton,3,22,13.64%,4.18
https://www.wetbulb35.com/wetbulb-temperature/united-states/arkansas/malvern,3,22,13.64%,4.55
https://www.wetbulb35.com/wetbulb-temperature/united-states/texas/quinlan,3,21,14.29%,3.38
https://www.wetbulb35.com/wetbulb-temperature/united-states/louisiana/mandeville,3,21,14.29%,3.67
https://www.wetbulb35.com/wetbulb-temperature/united-states/ohio/springboro,3,21,14.29%,4.52
https://www.wetbulb35.com/wetbulb-temperature/united-states/illinois/pinckneyville,3,21,14.29%,5.33
https://www.wetbulb35.com/wetbulb-temperature/united-states/california/ontario/,3,21,14.29%,5.57
https://www.wetbulb35.com/wetbulb-temperature/united-states/california/los-alamitos,3,21,14.29%,6.14
https://www.wetbulb35.com/wetbulb-temperature/united-states/arkansas/manila,3,20,15%,3.4
https://www.wetbulb35.com/wetbulb-temperature/united-states/california/glendora,3,20,15%,4.05
https://www.wetbulb35.com/wetbulb-temperature/united-states/ohio/milford,3,20,15%,4.3
https://www.wetbulb35.com/wetbulb-temperature/united-states/tennessee/lebanon,3,20,15%,4.5
https://www.wetbulb35.com/wetbulb-temperature/united-states/kansas/eureka,3,20,15%,4.65
https://www.wetbulb35.com/wetbulb-temperature/united-states/south-carolina/summerville,3,20,15%,4.85
https://www.wetbulb35.com/wetbulb-temperature/united-states/ohio/powell,3,20,15%,4.9
https://www.wetbulb35.com/wetbulb-temperature/united-states/illinois/libertyville,3,20,15%,5
https://www.wetbulb35.com/wetbulb-temperature/united-states/virginia/danville,3,20,15%,6.3
https://www.wetbulb35.com/wetbulb-temperature/united-states/tennessee/carthage,3,19,15.79%,2.79
https://www.wetbulb35.com/wetbulb-temperature/united-states/mississippi/saltillo/,3,19,15.79%,3.53
https://www.wetbulb35.com/wetbulb-temperature/united-states/illinois/johnsburg,3,19,15.79%,4.26
https://www.wetbulb35.com/wetbulb-temperature/united-states/kansas/beloit,3,19,15.79%,4.26
https://www.wetbulb35.com/wetbulb-temperature/united-states/ohio/athens,3,19,15.79%,4.74
https://www.wetbulb35.com/wetbulb-temperature/united-states/california/fallbrook,3,19,15.79%,4.79
https://www.wetbulb35.com/wetbulb-temperature/united-states/mississippi/long-beach,3,19,15.79%,4.84
https://www.wetbulb35.com/wetbulb-temperature/united-states/california/santa-barbara,3,19,15.79%,6.68
https://www.wetbulb35.com/wetbulb-temperature/united-states/mississippi/richton,3,18,16.67%,2.5
https://www.wetbulb35.com/wetbulb-temperature/united-states/texas/clute,3,18,16.67%,3.72
https://www.wetbulb35.com/wetbulb-temperature/united-states/texas/vidor,3,18,16.67%,3.83
https://www.wetbulb35.com/wetbulb-temperature/united-states/texas/haltom-city,3,18,16.67%,4.17
https://www.wetbulb35.com/wetbulb-temperature/united-states/mississippi/vicksburg/,3,18,16.67%,9.5
https://www.wetbulb35.com/wetbulb-temperature/united-states/ohio/belpre,3,17,17.65%,3.29
https://www.wetbulb35.com/wetbulb-temperature/united-states/tennessee/gallatin/,3,17,17.65%,3.41
https://www.wetbulb35.com/wetbulb-temperature/united-states/kansas/lindsborg,3,17,17.65%,4.24
https://www.wetbulb35.com/wetbulb-temperature/united-states/mississippi/west-point/,3,17,17.65%,4.29
https://www.wetbulb35.com/wetbulb-temperature/united-states/texas/pittsburg,3,17,17.65%,4.53
https://www.wetbulb35.com/wetbulb-temperature/united-states/california/lakewood,3,17,17.65%,4.65
https://www.wetbulb35.com/wetbulb-temperature/united-states/illinois/lemont,3,17,17.65%,5.12
https://www.wetbulb35.com/wetbulb-temperature/united-states/tennessee/morristown,3,17,17.65%,5.12
https://www.wetbulb35.com/wetbulb-temperature/united-states/texas/eagle-pass,3,16,18.75%,3.5
https://www.wetbulb35.com/wetbulb-temperature/united-states/arkansas/dover,3,16,18.75%,4.44
https://www.wetbulb35.com/wetbulb-temperature/united-states/georgia/sugar-hill,3,16,18.75%,5.44
https://www.wetbulb35.com/wetbulb-temperature/united-states/north-carolina/hope-mills,3,16,18.75%,5.44
https://www.wetbulb35.com/wetbulb-temperature/united-states/north-carolina/southern-pines,3,16,18.75%,5.56
https://www.wetbulb35.com/wetbulb-temperature/united-states/texas/winnsboro,3,15,20%,3.13
https://www.wetbulb35.com/wetbulb-temperature/united-states/texas/salado,3,15,20%,3.93
https://www.wetbulb35.com/wetbulb-temperature/united-states/illinois/gibson-city,3,15,20%,4.2
https://www.wetbulb35.com/wetbulb-temperature/united-states/texas/white-settlement,3,15,20%,4.53
https://www.wetbulb35.com/wetbulb-temperature/united-states/mississippi/port-gibson,3,14,21.43%,2.07
https://www.wetbulb35.com/wetbulb-temperature/united-states/texas/haskell,3,14,21.43%,3.29
https://www.wetbulb35.com/wetbulb-temperature/united-states/kansas/buhler,3,14,21.43%,4.93
https://www.wetbulb35.com/wetbulb-temperature/united-states/texas/bells,3,14,21.43%,8.36
https://www.wetbulb35.com/wetbulb-temperature/united-states/illinois/nokomis,3,13,23.08%,3
https://www.wetbulb35.com/wetbulb-temperature/united-states/missouri/kirksville,3,13,23.08%,3.69
https://www.wetbulb35.com/wetbulb-temperature/united-states/ohio/bellbrook,3,13,23.08%,3.77
https://www.wetbulb35.com/wetbulb-temperature/united-states/arkansas/stuttgart,3,13,23.08%,3.92
https://www.wetbulb35.com/wetbulb-temperature/united-states/louisiana/pineville,3,13,23.08%,4.15
https://www.wetbulb35.com/wetbulb-temperature/united-states/georgia/st-marys,3,13,23.08%,5.23
https://www.wetbulb35.com/wetbulb-temperature/united-states/pennsylvania/chambersburg,3,13,23.08%,5.85
https://www.wetbulb35.com/wetbulb-temperature/united-states/texas/schulenburg,3,12,25%,2.67
https://www.wetbulb35.com/wetbulb-temperature/united-states/illinois/knoxville,3,12,25%,3.5
https://www.wetbulb35.com/wetbulb-temperature/united-states/illinois/watseka,3,11,27.27%,3.36
https://www.wetbulb35.com/wetbulb-temperature/united-states/illinois/darien,3,11,27.27%,3.64
https://www.wetbulb35.com/wetbulb-temperature/united-states/oklahoma/kiefer,3,11,27.27%,4.36
https://www.wetbulb35.com/wetbulb-temperature/united-states/kentucky/glasgow,3,11,27.27%,5.64
https://www.wetbulb35.com/wetbulb-temperature/united-states/iowa/bettendorf,3,10,30%,3.3
https://www.wetbulb35.com/wetbulb-temperature/united-states/california/san-rafael/,3,10,30%,3.8
https://www.wetbulb35.com/wetbulb-temperature/united-states/illinois/mount-pulaski,3,10,30%,4.1
https://www.wetbulb35.com/wetbulb-temperature/united-states/north-carolina/mount-pleasant,3,10,30%,5.7
https://www.wetbulb35.com/wetbulb-temperature/united-states/mississippi/pelahatchie,3,9,33.33%,2.44
https://www.wetbulb35.com/wetbulb-temperature/united-states/texas/idalou,3,9,33.33%,2.56
https://www.wetbulb35.com/wetbulb-temperature/united-states/arkansas/alma,3,9,33.33%,3.33
https://www.wetbulb35.com/wetbulb-temperature/united-states/tennessee/germantown,3,9,33.33%,3.56
https://www.wetbulb35.com/wetbulb-temperature/united-states/illinois/oak-lawn,3,9,33.33%,3.67
https://www.wetbulb35.com/wetbulb-temperature/united-states/alabama/winfield,3,9,33.33%,3.78
https://www.wetbulb35.com/wetbulb-temperature/united-states/mississippi/magee,3,9,33.33%,4.44
https://www.wetbulb35.com/wetbulb-temperature/united-states/missouri/palmyra,3,9,33.33%,4.56
https://www.wetbulb35.com/wetbulb-temperature/united-states/florida/cantonment,3,9,33.33%,11.22
https://www.wetbulb35.com/wetbulb-temperature/united-states/mississippi/gautier,3,8,37.5%,2.62
https://www.wetbulb35.com/wetbulb-temperature/united-states/nebraska/stromsburg,3,8,37.5%,3.12
https://www.wetbulb35.com/wetbulb-temperature/united-states/illinois/eldorado/,3,8,37.5%,3.38
https://www.wetbulb35.com/wetbulb-temperature/united-states/texas/denver-city,3,8,37.5%,3.62
https://www.wetbulb35.com/wetbulb-temperature/united-states/california/rialto,3,8,37.5%,4
https://www.wetbulb35.com/wetbulb-temperature/united-states/ohio/worthington/,3,8,37.5%,4
https://www.wetbulb35.com/wetbulb-temperature/united-states/california/goleta,3,8,37.5%,4.25
https://www.wetbulb35.com/wetbulb-temperature/united-states/texas/liberty-hill/,3,8,37.5%,5
https://www.wetbulb35.com/wetbulb-temperature/united-states/texas/grandview,3,7,42.86%,2.71
https://www.wetbulb35.com/wetbulb-temperature/united-states/nebraska/seward,3,7,42.86%,3
https://www.wetbulb35.com/wetbulb-temperature/united-states/texas/goldthwaite,3,7,42.86%,3.43
https://www.wetbulb35.com/wetbulb-temperature/united-states/florida/chipley,3,7,42.86%,3.57
https://www.wetbulb35.com/wetbulb-temperature/united-states/mississippi/mendenhall,3,7,42.86%,3.57
https://www.wetbulb35.com/wetbulb-temperature/united-states/mississippi/canton,3,7,42.86%,4.14
https://www.wetbulb35.com/wetbulb-temperature/united-states/texas/roscoe,3,6,50%,2
https://www.wetbulb35.com/wetbulb-temperature/united-states/tennessee/selmer,3,6,50%,2.5
https://www.wetbulb35.com/wetbulb-temperature/united-states/illinois/rolling-meadows,3,6,50%,2.67
https://www.wetbulb35.com/wetbulb-temperature/united-states/iowa/lenox,3,6,50%,3
https://www.wetbulb35.com/wetbulb-temperature/united-states/mississippi/cleveland/,3,6,50%,4.17
https://www.wetbulb35.com/wetbulb-temperature/united-states/florida/estero,3,6,50%,4.67
https://www.wetbulb35.com/wetbulb-temperature/united-states/mississippi/vardaman,3,5,60%,2
https://www.wetbulb35.com/wetbulb-temperature/united-states/arkansas/clinton,3,5,60%,2.6
https://www.wetbulb35.com/wetbulb-temperature/united-states/nebraska/minden,3,5,60%,2.6
https://www.wetbulb35.com/wetbulb-temperature/united-states/texas/galena-park,3,5,60%,3.4
https://www.wetbulb35.com/wetbulb-temperature/united-states/mississippi/sumrall,3,4,75%,2
https://www.wetbulb35.com/wetbulb-temperature/italy/friuli-venezia-giulia/trieste,3,4,75%,2.25
https://www.wetbulb35.com/wetbulb-temperature/united-states/georgia/folkston,3,4,75%,2.25
https://www.wetbulb35.com/wetbulb-temperature/united-states/mississippi/horn-lake,3,4,75%,2.75
https://www.wetbulb35.com/wetbulb-temperature/united-states/texas/jollyville,3,4,75%,2.75
https://www.wetbulb35.com/wetbulb-temperature/united-states/nebraska/hebron,3,4,75%,3
https://www.wetbulb35.com/wetbulb-temperature/united-states/illinois/oak-forest/,3,4,75%,3.75
https://www.wetbulb35.com/wetbulb-temperature/united-states/ohio/bluffton,3,3,100%,2
https://www.wetbulb35.com/wetbulb-temperature/panama/colon/cristobal,3,3,100%,2.33
https://www.wetbulb35.com/wetbulb-temperature/united-states/alabama/priceville,3,3,100%,2.67
https://www.wetbulb35.com/wetbulb-temperature/united-states/florida/wauchula,3,3,100%,2.67
https://www.wetbulb35.com/wetbulb-temperature/united-states/florida/oakland-park,3,3,100%,4.67
https://www.wetbulb35.com/wetbulb-temperature/united-states/georgia/rome,2,211,0.95%,9.5
https://www.wetbulb35.com/wetbulb-temperature/united-states/south-carolina/rock-hill,2,157,1.27%,6.19
https://www.wetbulb35.com/wetbulb-temperature/united-states/texas/carrollton,2,110,1.82%,6.01
https://www.wetbulb35.com/wetbulb-temperature/united-states/arkansas/jonesboro,2,105,1.9%,7.55
https://www.wetbulb35.com/wetbulb-temperature/united-states/missouri/saint-charles,2,98,2.04%,6.38
https://www.wetbulb35.com/wetbulb-temperature/united-states/mississippi/southaven,2,85,2.35%,5.24
https://www.wetbulb35.com/wetbulb-temperature/united-states/illinois/springfield,2,84,2.38%,7.05
https://www.wetbulb35.com/wetbulb-temperature/united-states/illinois/jerseyville,2,82,2.44%,4.88
https://www.wetbulb35.com/wetbulb-temperature/united-states/georgia/canton,2,82,2.44%,8.07
https://www.wetbulb35.com/wetbulb-temperature/united-states/illinois/pekin,2,81,2.47%,5.7
https://www.wetbulb35.com/wetbulb-temperature/united-states/illinois/oswego,2,81,2.47%,6.86
https://www.wetbulb35.com/wetbulb-temperature/united-states/georgia/alpharetta,2,79,2.53%,6.96
https://www.wetbulb35.com/wetbulb-temperature/united-states/california/redlands,2,68,2.94%,4.72
https://www.wetbulb35.com/wetbulb-temperature/united-states/north-carolina/monroe,2,67,2.99%,8.01
https://www.wetbulb35.com/wetbulb-temperature/united-states/arkansas/siloam-springs,2,64,3.12%,4.53
https://www.wetbulb35.com/wetbulb-temperature/united-states/missouri/springfield,2,62,3.23%,8.47
https://www.wetbulb35.com/wetbulb-temperature/united-states/north-carolina/concord,2,62,3.23%,9.69
https://www.wetbulb35.com/wetbulb-temperature/united-states/nebraska/fairbury,2,61,3.28%,4.25
https://www.wetbulb35.com/wetbulb-temperature/united-states/north-carolina/salisbury,2,61,3.28%,7.69
https://www.wetbulb35.com/wetbulb-temperature/united-states/illinois/mattoon,2,59,3.39%,4.19
https://www.wetbulb35.com/wetbulb-temperature/united-states/california/santee,2,58,3.45%,4.86
https://www.wetbulb35.com/wetbulb-temperature/united-states/missouri/troy,2,57,3.51%,4.68
https://www.wetbulb35.com/wetbulb-temperature/united-states/california/irvine,2,55,3.64%,6.25
https://www.wetbulb35.com/wetbulb-temperature/united-states/georgia/gray,2,53,3.77%,5.77
https://www.wetbulb35.com/wetbulb-temperature/united-states/illinois/chillicothe,2,52,3.85%,4.46
https://www.wetbulb35.com/wetbulb-temperature/united-states/ohio/hamilton,2,52,3.85%,4.87
https://www.wetbulb35.com/wetbulb-temperature/united-states/kansas/dodge-city,2,51,3.92%,4.71
https://www.wetbulb35.com/wetbulb-temperature/united-states/california/el-centro,2,51,3.92%,5.75
https://www.wetbulb35.com/wetbulb-temperature/united-states/texas/castroville,2,50,4%,4
https://www.wetbulb35.com/wetbulb-temperature/united-states/georgia/evans,2,50,4%,6.1
https://www.wetbulb35.com/wetbulb-temperature/united-states/texas/seymour,2,49,4.08%,3.98
https://www.wetbulb35.com/wetbulb-temperature/united-states/missouri/nixa,2,49,4.08%,5.08
https://www.wetbulb35.com/wetbulb-temperature/united-states/illinois/geneva,2,47,4.26%,6.4
https://www.wetbulb35.com/wetbulb-temperature/united-states/texas/allen/,2,47,4.26%,6.79
https://www.wetbulb35.com/wetbulb-temperature/united-states/nebraska/grand-island,2,46,4.35%,5.11
https://www.wetbulb35.com/wetbulb-temperature/united-states/georgia/toccoa,2,46,4.35%,5.57
https://www.wetbulb35.com/wetbulb-temperature/united-states/texas/cibolo,2,44,4.55%,5.16
https://www.wetbulb35.com/wetbulb-temperature/united-states/california/poway,2,44,4.55%,5.41
https://www.wetbulb35.com/wetbulb-temperature/united-states/illinois/joliet,2,44,4.55%,6.89
https://www.wetbulb35.com/wetbulb-temperature/united-states/nebraska/lincoln,2,44,4.55%,8.2
https://www.wetbulb35.com/wetbulb-temperature/united-states/california/palm-desert/,2,43,4.65%,7.91
https://www.wetbulb35.com/wetbulb-temperature/united-states/mississippi/philadelphia/,2,41,4.88%,4.41
https://www.wetbulb35.com/wetbulb-temperature/united-states/louisiana/monroe,2,41,4.88%,4.51
https://www.wetbulb35.com/wetbulb-temperature/united-states/texas/san-angelo,2,40,5%,7.28
https://www.wetbulb35.com/wetbulb-temperature/united-states/texas/nacogdoches,2,39,5.13%,4.77
https://www.wetbulb35.com/wetbulb-temperature/united-states/missouri/carl-junction,2,39,5.13%,5.1
https://www.wetbulb35.com/wetbulb-temperature/united-states/missouri/park-hills,2,37,5.41%,4.76
https://www.wetbulb35.com/wetbulb-temperature/united-states/illinois/hinsdale,2,37,5.41%,5.76
https://www.wetbulb35.com/wetbulb-temperature/united-states/california/riverside/,2,37,5.41%,7.03
https://www.wetbulb35.com/wetbulb-temperature/united-states/texas/glen-rose,2,36,5.56%,3.89
https://www.wetbulb35.com/wetbulb-temperature/united-states/missouri/dexter,2,36,5.56%,4.64
https://www.wetbulb35.com/wetbulb-temperature/united-states/illinois/tuscola,2,35,5.71%,3.54
https://www.wetbulb35.com/wetbulb-temperature/united-states/arkansas/heber-springs,2,35,5.71%,4.03
https://www.wetbulb35.com/wetbulb-temperature/united-states/texas/benbrook,2,35,5.71%,4.6
https://www.wetbulb35.com/wetbulb-temperature/united-states/illinois/elk-grove-village,2,35,5.71%,4.66
https://www.wetbulb35.com/wetbulb-temperature/united-states/texas/bridge-city,2,35,5.71%,5.06
https://www.wetbulb35.com/wetbulb-temperature/united-states/south-carolina/clover,2,35,5.71%,5.86
https://www.wetbulb35.com/wetbulb-temperature/united-states/illinois/paris,2,35,5.71%,7.2
https://www.wetbulb35.com/wetbulb-temperature/united-states/texas/kaufman,2,34,5.88%,4.82
https://www.wetbulb35.com/wetbulb-temperature/united-states/florida/fleming-island,2,33,6.06%,4
https://www.wetbulb35.com/wetbulb-temperature/united-states/texas/kerrville/,2,33,6.06%,4.39
https://www.wetbulb35.com/wetbulb-temperature/united-states/kentucky/fort-knox/,2,33,6.06%,4.79
https://www.wetbulb35.com/wetbulb-temperature/united-states/nebraska/elkhorn,2,32,6.25%,4.34
https://www.wetbulb35.com/wetbulb-temperature/united-states/texas/quanah,2,32,6.25%,4.75
https://www.wetbulb35.com/wetbulb-temperature/united-states/missouri/nevada,2,32,6.25%,4.91
https://www.wetbulb35.com/wetbulb-temperature/united-states/arkansas/batesville,2,32,6.25%,7
https://www.wetbulb35.com/wetbulb-temperature/united-states/virginia/charlottesville,2,32,6.25%,7.38
https://www.wetbulb35.com/wetbulb-temperature/united-states/california/brea,2,31,6.45%,3.71
https://www.wetbulb35.com/wetbulb-temperature/united-states/arkansas/elkins,2,31,6.45%,4.23
https://www.wetbulb35.com/wetbulb-temperature/united-states/georgia/flowery-branch,2,31,6.45%,4.87
https://www.wetbulb35.com/wetbulb-temperature/united-states/oklahoma/bristow,2,31,6.45%,5
https://www.wetbulb35.com/wetbulb-temperature/united-states/texas/del-rio,2,31,6.45%,6
https://www.wetbulb35.com/wetbulb-temperature/united-states/georgia/cartersville,2,31,6.45%,8.55
https://www.wetbulb35.com/wetbulb-temperature/united-states/texas/stamford,2,30,6.67%,3.37
https://www.wetbulb35.com/wetbulb-temperature/united-states/illinois/dekalb/,2,30,6.67%,4.73
https://www.wetbulb35.com/wetbulb-temperature/united-states/kansas/frontenac,2,30,6.67%,5
https://www.wetbulb35.com/wetbulb-temperature/united-states/tennessee/cleveland,2,30,6.67%,5.2
https://www.wetbulb35.com/wetbulb-temperature/united-states/texas/overton,2,29,6.9%,4.07
https://www.wetbulb35.com/wetbulb-temperature/united-states/missouri/smithville,2,29,6.9%,5.31
https://www.wetbulb35.com/wetbulb-temperature/united-states/illinois/huntley,2,29,6.9%,5.76
https://www.wetbulb35.com/wetbulb-temperature/united-states/iowa/fort-dodge,2,29,6.9%,5.76
https://www.wetbulb35.com/wetbulb-temperature/united-states/kansas/gardner,2,29,6.9%,9.38
https://www.wetbulb35.com/wetbulb-temperature/united-states/kentucky/owensboro/,2,28,7.14%,3.5
https://www.wetbulb35.com/wetbulb-temperature/united-states/arkansas/gentry,2,28,7.14%,4.14
https://www.wetbulb35.com/wetbulb-temperature/united-states/kansas/clearwater,2,28,7.14%,4.36
https://www.wetbulb35.com/wetbulb-temperature/united-states/indiana/zionsville/,2,28,7.14%,4.54
https://www.wetbulb35.com/wetbulb-temperature/united-states/ohio/upper-arlington,2,28,7.14%,4.96
https://www.wetbulb35.com/wetbulb-temperature/united-states/south-carolina/fountain-inn,2,27,7.41%,4.19
https://www.wetbulb35.com/wetbulb-temperature/united-states/illinois/lisle,2,27,7.41%,4.26
https://www.wetbulb35.com/wetbulb-temperature/united-states/kansas/sterling,2,27,7.41%,4.41
https://www.wetbulb35.com/wetbulb-temperature/united-states/california/lake-elsinore,2,27,7.41%,4.78
https://www.wetbulb35.com/wetbulb-temperature/united-states/texas/sunnyvale,2,26,7.69%,4.23
https://www.wetbulb35.com/wetbulb-temperature/united-states/oklahoma/mcloud,2,26,7.69%,4.27
https://www.wetbulb35.com/wetbulb-temperature/united-states/maryland/fort-meade,2,26,7.69%,5.38
https://www.wetbulb35.com/wetbulb-temperature/united-states/virginia/spotsylvania-courthouse,2,26,7.69%,5.69
https://www.wetbulb35.com/wetbulb-temperature/united-states/kentucky/bardstown,2,26,7.69%,6.12
https://www.wetbulb35.com/wetbulb-temperature/united-states/ohio/toledo/,2,26,7.69%,7.96
https://www.wetbulb35.com/wetbulb-temperature/united-states/mississippi/laurel/,2,25,8%,4.24
https://www.wetbulb35.com/wetbulb-temperature/united-states/texas/clifton,2,25,8%,4.28
https://www.wetbulb35.com/wetbulb-temperature/united-states/kansas/russell,2,25,8%,4.68
https://www.wetbulb35.com/wetbulb-temperature/united-states/nebraska/york,2,25,8%,4.76
https://www.wetbulb35.com/wetbulb-temperature/united-states/kansas/valley-center,2,25,8%,5
https://www.wetbulb35.com/wetbulb-temperature/united-states/texas/kerens,2,24,8.33%,3.96
https://www.wetbulb35.com/wetbulb-temperature/united-states/california/yorba-linda,2,24,8.33%,4.21
https://www.wetbulb35.com/wetbulb-temperature/united-states/oklahoma/fort-gibson,2,24,8.33%,4.58
https://www.wetbulb35.com/wetbulb-temperature/united-states/georgia/monticello,2,24,8.33%,5
https://www.wetbulb35.com/wetbulb-temperature/united-states/north-carolina/kernersville,2,24,8.33%,5.54
https://www.wetbulb35.com/wetbulb-temperature/united-states/oklahoma/ardmore,2,24,8.33%,6.92
https://www.wetbulb35.com/wetbulb-temperature/united-states/texas/quitman,2,23,8.7%,4.09
https://www.wetbulb35.com/wetbulb-temperature/united-states/texas/duncanville,2,23,8.7%,4.43
https://www.wetbulb35.com/wetbulb-temperature/united-states/oklahoma/tuttle,2,23,8.7%,5.22
https://www.wetbulb35.com/wetbulb-temperature/united-states/missouri/moberly,2,23,8.7%,5.96
https://www.wetbulb35.com/wetbulb-temperature/united-states/georgia/perry,2,23,8.7%,6.09
https://www.wetbulb35.com/wetbulb-temperature/united-states/georgia/newnan/,2,23,8.7%,6.22
https://www.wetbulb35.com/wetbulb-temperature/united-states/ohio/delaware/,2,23,8.7%,9.7
https://www.wetbulb35.com/wetbulb-temperature/united-states/illinois/colchester,2,22,9.09%,4.68
https://www.wetbulb35.com/wetbulb-temperature/united-states/kansas/norton,2,22,9.09%,4.68
https://www.wetbulb35.com/wetbulb-temperature/united-states/texas/palmer,2,22,9.09%,4.91
https://www.wetbulb35.com/wetbulb-temperature/united-states/texas/paris,2,22,9.09%,4.91
https://www.wetbulb35.com/wetbulb-temperature/united-states/missouri/knob-noster,2,22,9.09%,5
https://www.wetbulb35.com/wetbulb-temperature/united-states/texas/sinton,2,22,9.09%,5.14
https://www.wetbulb35.com/wetbulb-temperature/united-states/texas/missouri-city,2,22,9.09%,6.23
https://www.wetbulb35.com/wetbulb-temperature/united-states/arizona/chandler,2,22,9.09%,6.32
https://www.wetbulb35.com/wetbulb-temperature/united-states/ohio/wilmington,2,22,9.09%,6.36
https://www.wetbulb35.com/wetbulb-temperature/egypt/cairo/cairo/,2,22,9.09%,7.09
https://www.wetbulb35.com/wetbulb-temperature/united-states/north-carolina/rocky-mount,2,22,9.09%,7.91
https://www.wetbulb35.com/wetbulb-temperature/united-states/illinois/fairfield,2,21,9.52%,4.24
https://www.wetbulb35.com/wetbulb-temperature/united-states/missouri/boonville,2,21,9.52%,4.67
https://www.wetbulb35.com/wetbulb-temperature/united-states/texas/castle-hills,2,21,9.52%,6.52
https://www.wetbulb35.com/wetbulb-temperature/united-states/texas/bellaire,2,20,10%,4.45
https://www.wetbulb35.com/wetbulb-temperature/united-states/illinois/aledo,2,20,10%,4.75
https://www.wetbulb35.com/wetbulb-temperature/united-states/texas/canadian,2,20,10%,4.75
https://www.wetbulb35.com/wetbulb-temperature/united-states/mississippi/bay-saint-louis,2,19,10.53%,4.05
https://www.wetbulb35.com/wetbulb-temperature/united-states/kansas/silver-lake,2,19,10.53%,4.11
https://www.wetbulb35.com/wetbulb-temperature/united-states/tennessee/winchester,2,19,10.53%,4.68
https://www.wetbulb35.com/wetbulb-temperature/united-states/arkansas/mountain-home,2,19,10.53%,6.53
https://www.wetbulb35.com/wetbulb-temperature/united-states/california/newport-beach,2,19,10.53%,6.63
https://www.wetbulb35.com/wetbulb-temperature/india/odisha/bhubaneswar,2,19,10.53%,11.53
https://www.wetbulb35.com/wetbulb-temperature/united-states/california/whittier,2,18,11.11%,3.78
https://www.wetbulb35.com/wetbulb-temperature/united-states/california/diamond-bar,2,18,11.11%,4.44
https://www.wetbulb35.com/wetbulb-temperature/united-states/kansas/coffeyville,2,18,11.11%,4.56
https://www.wetbulb35.com/wetbulb-temperature/united-states/georgia/norcross,2,18,11.11%,7.67
https://www.wetbulb35.com/wetbulb-temperature/united-states/texas/pecan-grove,2,17,11.76%,3.59
https://www.wetbulb35.com/wetbulb-temperature/united-states/california/la-palma,2,17,11.76%,4.18
https://www.wetbulb35.com/wetbulb-temperature/united-states/virginia/mechanicsville,2,17,11.76%,4.24
https://www.wetbulb35.com/wetbulb-temperature/united-states/kansas/parsons,2,17,11.76%,5.06
https://www.wetbulb35.com/wetbulb-temperature/united-states/texas/livingston,2,17,11.76%,5.82
https://www.wetbulb35.com/wetbulb-temperature/united-states/illinois/kankakee,2,17,11.76%,5.88
https://www.wetbulb35.com/wetbulb-temperature/united-states/texas/lake-dallas,2,17,11.76%,6
https://www.wetbulb35.com/wetbulb-temperature/united-states/texas/el-campo,2,16,12.5%,3.44
https://www.wetbulb35.com/wetbulb-temperature/united-states/texas/jarrell,2,16,12.5%,3.62
https://www.wetbulb35.com/wetbulb-temperature/united-states/kansas/meade,2,16,12.5%,4.06
https://www.wetbulb35.com/wetbulb-temperature/united-states/texas/jersey-village,2,16,12.5%,4.12
https://www.wetbulb35.com/wetbulb-temperature/united-states/iowa/spencer,2,16,12.5%,5.38
https://www.wetbulb35.com/wetbulb-temperature/united-states/california/west-covina,2,16,12.5%,5.94
https://www.wetbulb35.com/wetbulb-temperature/united-states/north-carolina/forest-city/,2,16,12.5%,6.62
https://www.wetbulb35.com/wetbulb-temperature/united-states/mississippi/saint-martin,2,15,13.33%,3.27
https://www.wetbulb35.com/wetbulb-temperature/saudi-arabia/eastern-province/al-jubayl,2,15,13.33%,3.47
https://www.wetbulb35.com/wetbulb-temperature/united-states/texas/crowley,2,15,13.33%,3.47
https://www.wetbulb35.com/wetbulb-temperature/united-states/south-carolina/woodruff/,2,15,13.33%,3.67
https://www.wetbulb35.com/wetbulb-temperature/united-states/texas/corrigan,2,15,13.33%,3.67
https://www.wetbulb35.com/wetbulb-temperature/united-states/kansas/concordia,2,15,13.33%,3.87
https://www.wetbulb35.com/wetbulb-temperature/united-states/tennessee/medina,2,15,13.33%,4.07
https://www.wetbulb35.com/wetbulb-temperature/united-states/oklahoma/davis,2,15,13.33%,4.47
https://www.wetbulb35.com/wetbulb-temperature/united-states/california/ramona,2,15,13.33%,4.8
https://www.wetbulb35.com/wetbulb-temperature/united-states/illinois/collinsville,2,15,13.33%,4.93
https://www.wetbulb35.com/wetbulb-temperature/united-states/nebraska/columbus,2,15,13.33%,5.2
https://www.wetbulb35.com/wetbulb-temperature/united-states/california/la-habra,2,15,13.33%,5.4
https://www.wetbulb35.com/wetbulb-temperature/united-states/texas/highland-park,2,15,13.33%,5.53
https://www.wetbulb35.com/wetbulb-temperature/united-states/kansas/phillipsburg,2,15,13.33%,5.67
https://www.wetbulb35.com/wetbulb-temperature/united-states/florida/pensacola,2,15,13.33%,10.13
https://www.wetbulb35.com/wetbulb-temperature/germany/hesse/frankfurt-am-main/,2,15,13.33%,47
https://www.wetbulb35.com/wetbulb-temperature/united-states/ohio/van-wert,2,14,14.29%,2.93
https://www.wetbulb35.com/wetbulb-temperature/united-states/illinois/princeville,2,14,14.29%,3.29
https://www.wetbulb35.com/wetbulb-temperature/united-states/georgia/social-circle,2,14,14.29%,3.79
https://www.wetbulb35.com/wetbulb-temperature/united-states/ohio/waynesville/,2,14,14.29%,3.79
https://www.wetbulb35.com/wetbulb-temperature/united-states/texas/somerville,2,14,14.29%,3.79
https://www.wetbulb35.com/wetbulb-temperature/united-states/texas/wolfe-city,2,14,14.29%,3.79
https://www.wetbulb35.com/wetbulb-temperature/united-states/illinois/winnetka,2,14,14.29%,4.07
https://www.wetbulb35.com/wetbulb-temperature/united-states/illinois/south-jacksonville,2,14,14.29%,4.43
https://www.wetbulb35.com/wetbulb-temperature/united-states/missouri/savannah,2,14,14.29%,4.5
https://www.wetbulb35.com/wetbulb-temperature/united-states/missouri/creve-coeur,2,14,14.29%,5.36
https://www.wetbulb35.com/wetbulb-temperature/united-states/north-carolina/indian-trail,2,14,14.29%,7.14
https://www.wetbulb35.com/wetbulb-temperature/canada/ontario/windsor/,2,14,14.29%,14.21
https://www.wetbulb35.com/wetbulb-temperature/india/haryana/faridabad,2,13,15.38%,3.15
https://www.wetbulb35.com/wetbulb-temperature/united-states/mississippi/petal,2,13,15.38%,3.31
https://www.wetbulb35.com/wetbulb-temperature/united-states/arkansas/dierks,2,13,15.38%,3.54
https://www.wetbulb35.com/wetbulb-temperature/united-states/illinois/johnston-city,2,13,15.38%,3.85
https://www.wetbulb35.com/wetbulb-temperature/united-states/kansas/garden-city,2,13,15.38%,3.92
https://www.wetbulb35.com/wetbulb-temperature/united-states/arkansas/de-queen,2,13,15.38%,4.23
https://www.wetbulb35.com/wetbulb-temperature/united-states/illinois/maroa,2,13,15.38%,4.31
https://www.wetbulb35.com/wetbulb-temperature/united-states/missouri/peculiar,2,13,15.38%,4.46
https://www.wetbulb35.com/wetbulb-temperature/united-states/texas/edgewood,2,13,15.38%,4.46
https://www.wetbulb35.com/wetbulb-temperature/united-states/florida/satellite-beach,2,13,15.38%,4.77
https://www.wetbulb35.com/wetbulb-temperature/united-states/missouri/excelsior-springs,2,13,15.38%,5.08
https://www.wetbulb35.com/wetbulb-temperature/united-states/missouri/warrensburg,2,13,15.38%,5.31
https://www.wetbulb35.com/wetbulb-temperature/united-states/nebraska/blair,2,13,15.38%,5.46
https://www.wetbulb35.com/wetbulb-temperature/united-states/south-carolina/hampton,2,13,15.38%,5.54
https://www.wetbulb35.com/wetbulb-temperature/united-states/ohio/fremont,2,13,15.38%,5.62
https://www.wetbulb35.com/wetbulb-temperature/united-states/texas/grandview/,2,13,15.38%,5.69
https://www.wetbulb35.com/wetbulb-temperature/united-states/california/visalia,2,13,15.38%,7.31
https://www.wetbulb35.com/wetbulb-temperature/hungary/budapest/budapest/,2,13,15.38%,26.54
https://www.wetbulb35.com/wetbulb-temperature/united-states/texas/boyd/,2,12,16.67%,3.08
https://www.wetbulb35.com/wetbulb-temperature/united-states/arkansas/pea-ridge,2,12,16.67%,3.42
https://www.wetbulb35.com/wetbulb-temperature/united-states/arkansas/star-city,2,12,16.67%,3.42
https://www.wetbulb35.com/wetbulb-temperature/united-states/kentucky/richmond/,2,12,16.67%,3.58
https://www.wetbulb35.com/wetbulb-temperature/united-states/tennessee/dayton,2,12,16.67%,4
https://www.wetbulb35.com/wetbulb-temperature/united-states/california/vista,2,12,16.67%,4.25
https://www.wetbulb35.com/wetbulb-temperature/united-states/texas/alvord,2,12,16.67%,4.25
https://www.wetbulb35.com/wetbulb-temperature/united-states/oklahoma/hugo,2,12,16.67%,4.33
https://www.wetbulb35.com/wetbulb-temperature/united-states/texas/terrell,2,12,16.67%,4.33
https://www.wetbulb35.com/wetbulb-temperature/united-states/missouri/steelville,2,12,16.67%,4.42
https://www.wetbulb35.com/wetbulb-temperature/united-states/illinois/alsip,2,12,16.67%,4.5
https://www.wetbulb35.com/wetbulb-temperature/united-states/oklahoma/spiro,2,12,16.67%,4.58
https://www.wetbulb35.com/wetbulb-temperature/united-states/missouri/kennett,2,12,16.67%,5
https://www.wetbulb35.com/wetbulb-temperature/united-states/florida/dunedin,2,12,16.67%,5.33
https://www.wetbulb35.com/wetbulb-temperature/united-states/illinois/moweaqua,2,12,16.67%,5.33
https://www.wetbulb35.com/wetbulb-temperature/united-states/georgia/newnan,2,12,16.67%,5.83
https://www.wetbulb35.com/wetbulb-temperature/united-states/missouri/perryville/,2,12,16.67%,5.92
https://www.wetbulb35.com/wetbulb-temperature/lebanon/beyrouth/beirut/,2,12,16.67%,9.58
https://www.wetbulb35.com/wetbulb-temperature/united-states/virginia/arlington/,2,12,16.67%,18.67
https://www.wetbulb35.com/wetbulb-temperature/united-states/indiana/french-lick/,2,11,18.18%,3.09
https://www.wetbulb35.com/wetbulb-temperature/united-states/mississippi/vancleave,2,11,18.18%,3.09
https://www.wetbulb35.com/wetbulb-temperature/united-states/texas/henrietta,2,11,18.18%,3.18
https://www.wetbulb35.com/wetbulb-temperature/united-states/illinois/plano,2,11,18.18%,3.27
https://www.wetbulb35.com/wetbulb-temperature/united-states/oklahoma/haskell,2,11,18.18%,3.36
https://www.wetbulb35.com/wetbulb-temperature/united-states/texas/grand-saline,2,11,18.18%,3.55
https://www.wetbulb35.com/wetbulb-temperature/united-states/florida/montverde,2,11,18.18%,3.73
https://www.wetbulb35.com/wetbulb-temperature/united-states/texas/kingsville,2,11,18.18%,3.82
https://www.wetbulb35.com/wetbulb-temperature/united-states/iowa/kalona,2,11,18.18%,4.27
https://www.wetbulb35.com/wetbulb-temperature/united-states/north-carolina/troutman,2,11,18.18%,4.27
https://www.wetbulb35.com/wetbulb-temperature/united-states/illinois/mendota,2,11,18.18%,4.36
https://www.wetbulb35.com/wetbulb-temperature/united-states/texas/gilmer,2,11,18.18%,4.36
https://www.wetbulb35.com/wetbulb-temperature/united-states/iowa/epworth,2,11,18.18%,4.45
https://www.wetbulb35.com/wetbulb-temperature/united-states/texas/bonham,2,11,18.18%,4.91
https://www.wetbulb35.com/wetbulb-temperature/united-states/arkansas/west-memphis,2,11,18.18%,5
https://www.wetbulb35.com/wetbulb-temperature/united-states/illinois/colfax,2,11,18.18%,5
https://www.wetbulb35.com/wetbulb-temperature/united-states/south-carolina/hilton-head,2,11,18.18%,5.36
https://www.wetbulb35.com/wetbulb-temperature/united-states/georgia/dawsonville,2,11,18.18%,5.91
https://www.wetbulb35.com/wetbulb-temperature/united-states/tennessee/smyrna/,2,10,20%,2.9
https://www.wetbulb35.com/wetbulb-temperature/united-states/california/lakeside,2,10,20%,3.2
https://www.wetbulb35.com/wetbulb-temperature/united-states/tennessee/dandridge,2,10,20%,3.5
https://www.wetbulb35.com/wetbulb-temperature/united-states/tennessee/dyersburg,2,10,20%,3.8
https://www.wetbulb35.com/wetbulb-temperature/united-states/california/trabuco-canyon,2,10,20%,4
https://www.wetbulb35.com/wetbulb-temperature/united-states/california/rowland-heights,2,10,20%,4.2
https://www.wetbulb35.com/wetbulb-temperature/united-states/ohio/urbana,2,10,20%,4.4
https://www.wetbulb35.com/wetbulb-temperature/united-states/ohio/oak-harbor,2,10,20%,4.5
https://www.wetbulb35.com/wetbulb-temperature/united-states/tennessee/farragut,2,10,20%,4.5
https://www.wetbulb35.com/wetbulb-temperature/united-states/new-mexico/las-cruces,2,10,20%,5.4
https://www.wetbulb35.com/wetbulb-temperature/united-states/kansas/paola/,2,10,20%,5.5
https://www.wetbulb35.com/wetbulb-temperature/united-states/california/altadena,2,10,20%,6.7
https://www.wetbulb35.com/wetbulb-temperature/saudi-arabia,2,10,20%,13.6
https://www.wetbulb35.com/wetbulb-temperature/united-states/tennessee/goodlettsville,2,9,22.22%,2.33
https://www.wetbulb35.com/wetbulb-temperature/united-states/illinois/crete,2,9,22.22%,3.11
https://www.wetbulb35.com/wetbulb-temperature/united-states/arkansas/yellville,2,9,22.22%,3.33
https://www.wetbulb35.com/wetbulb-temperature/united-states/california/wasco/,2,9,22.22%,3.56
https://www.wetbulb35.com/wetbulb-temperature/united-states/oklahoma/sulphur,2,9,22.22%,3.56
https://www.wetbulb35.com/wetbulb-temperature/united-states/mississippi/ellisville,2,9,22.22%,3.78
https://www.wetbulb35.com/wetbulb-temperature/united-states/missouri/thayer,2,9,22.22%,3.78
https://www.wetbulb35.com/wetbulb-temperature/united-states/alabama/northport,2,9,22.22%,4.22
https://www.wetbulb35.com/wetbulb-temperature/united-states/indiana/scottsburg/,2,9,22.22%,4.56
https://www.wetbulb35.com/wetbulb-temperature/united-states/texas/canyon,2,9,22.22%,4.67
https://www.wetbulb35.com/wetbulb-temperature/united-states/california/la-jolla,2,9,22.22%,4.78
https://www.wetbulb35.com/wetbulb-temperature/united-states/california/northridge,2,9,22.22%,4.78
https://www.wetbulb35.com/wetbulb-temperature/united-states/kansas/baxter-springs,2,9,22.22%,4.89
https://www.wetbulb35.com/wetbulb-temperature/united-states/north-carolina/mount-holly,2,9,22.22%,5
https://www.wetbulb35.com/wetbulb-temperature/colombia/bolivar/cartagena,2,9,22.22%,11.56
https://www.wetbulb35.com/wetbulb-temperature/iran/isfahan/,2,9,22.22%,34.89
https://www.wetbulb35.com/wetbulb-temperature/united-states/georgia/pembroke,2,8,25%,3.25
https://www.wetbulb35.com/wetbulb-temperature/india/odisha/puri,2,8,25%,4
https://www.wetbulb35.com/wetbulb-temperature/united-states/florida/mount-dora,2,8,25%,4.12
https://www.wetbulb35.com/wetbulb-temperature/iraq/sulaymaniyah/as-sulaymaniyah,2,8,25%,4.25
https://www.wetbulb35.com/wetbulb-temperature/united-states/texas/willow-park,2,8,25%,4.25
https://www.wetbulb35.com/wetbulb-temperature/united-states/west-virginia/buffalo,2,8,25%,4.25
https://www.wetbulb35.com/wetbulb-temperature/united-states/texas/converse,2,8,25%,4.38
https://www.wetbulb35.com/wetbulb-temperature/united-states/texas/watauga,2,8,25%,4.38
https://www.wetbulb35.com/wetbulb-temperature/united-states/california/bonita,2,8,25%,4.75
https://www.wetbulb35.com/wetbulb-temperature/united-states/california/carpinteria,2,8,25%,5.25
https://www.wetbulb35.com/wetbulb-temperature/united-states/texas/childress/,2,8,25%,5.25
https://www.wetbulb35.com/wetbulb-temperature/united-states/oklahoma/locust-grove,2,8,25%,5.5
https://www.wetbulb35.com/wetbulb-temperature/united-states/oklahoma/okemah,2,7,28.57%,3.14
https://www.wetbulb35.com/wetbulb-temperature/united-states/texas/danbury/,2,7,28.57%,3.14
https://www.wetbulb35.com/wetbulb-temperature/united-states/arkansas/cave-city,2,7,28.57%,3.29
https://www.wetbulb35.com/wetbulb-temperature/united-states/ohio/marietta,2,7,28.57%,3.57
https://www.wetbulb35.com/wetbulb-temperature/united-states/kentucky/henderson,2,7,28.57%,3.71
https://www.wetbulb35.com/wetbulb-temperature/united-states/oklahoma/westville,2,7,28.57%,3.71
https://www.wetbulb35.com/wetbulb-temperature/united-states/california/cathedral-city,2,7,28.57%,3.86
https://www.wetbulb35.com/wetbulb-temperature/united-states/arkansas/marion/,2,7,28.57%,5.14
https://www.wetbulb35.com/wetbulb-temperature/iran/isfahan/qahderijan/,2,7,28.57%,6.57
https://www.wetbulb35.com/wetbulb-temperature/portugal/,2,7,28.57%,20.29
https://www.wetbulb35.com/wetbulb-temperature/united-states/georgia/bremen/,2,6,33.33%,2.67
https://www.wetbulb35.com/wetbulb-temperature/united-states/texas/goliad,2,6,33.33%,2.67
https://www.wetbulb35.com/wetbulb-temperature/united-states/california/yucca-valley,2,6,33.33%,3.5
https://www.wetbulb35.com/wetbulb-temperature/united-states/missouri/farmington,2,6,33.33%,3.83
https://www.wetbulb35.com/wetbulb-temperature/united-states/texas/hudson,2,6,33.33%,3.83
https://www.wetbulb35.com/wetbulb-temperature/united-states/massachusetts/rochester,2,6,33.33%,4.5
https://www.wetbulb35.com/wetbulb-temperature/united-states/ohio/bellefontaine,2,6,33.33%,4.67
https://www.wetbulb35.com/wetbulb-temperature/united-states/california/livermore,2,6,33.33%,4.83
https://www.wetbulb35.com/wetbulb-temperature/united-states/alabama/gulf-shores,2,6,33.33%,5.67
https://www.wetbulb35.com/wetbulb-temperature/united-states/texas/canyon-lake,2,6,33.33%,5.67
https://www.wetbulb35.com/wetbulb-temperature/united-states/texas/euless/,2,6,33.33%,6.5
https://www.wetbulb35.com/wetbulb-temperature/united-states/virginia/bristow,2,6,33.33%,6.5
https://www.wetbulb35.com/wetbulb-temperature/united-states/missouri/bonne-terre/,2,6,33.33%,12
https://www.wetbulb35.com/wetbulb-temperature/india/rajasthan/chittaurgarh/,2,6,33.33%,25
https://www.wetbulb35.com/wetbulb-temperature/armenia/yerevan/erebuni,2,5,40%,2.6
https://www.wetbulb35.com/wetbulb-temperature/united-states/texas/groveton,2,5,40%,2.6
https://www.wetbulb35.com/wetbulb-temperature/united-states/mississippi/moss-point,2,5,40%,2.8
https://www.wetbulb35.com/wetbulb-temperature/united-states/mississippi/wesson,2,5,40%,3.2
https://www.wetbulb35.com/wetbulb-temperature/united-states/illinois/burr-ridge,2,5,40%,3.4
https://www.wetbulb35.com/wetbulb-temperature/united-states/ohio/wapakoneta,2,5,40%,3.4
https://www.wetbulb35.com/wetbulb-temperature/united-states/california/merced,2,5,40%,3.6
https://www.wetbulb35.com/wetbulb-temperature/united-states/california/escondido,2,5,40%,4
https://www.wetbulb35.com/wetbulb-temperature/united-states/ohio/portsmouth,2,5,40%,4
https://www.wetbulb35.com/wetbulb-temperature/united-states/tennessee/alcoa,2,5,40%,4.4
https://www.wetbulb35.com/wetbulb-temperature/united-states/kansas/fort-riley-north,2,5,40%,5.2
https://www.wetbulb35.com/wetbulb-temperature/united-states/south-carolina/lyman,2,5,40%,5.8
https://www.wetbulb35.com/wetbulb-temperature/united-states/california/woodland,2,5,40%,6.2
https://www.wetbulb35.com/wetbulb-temperature/indonesia/central-java/batang,2,5,40%,20
https://www.wetbulb35.com/wetbulb-temperature/united-states/illinois/herrin,2,4,50%,1.75
https://www.wetbulb35.com/wetbulb-temperature/united-states/ohio/clayton,2,4,50%,2.25
https://www.wetbulb35.com/wetbulb-temperature/iraq/erbil/uwandiz,2,4,50%,2.75
https://www.wetbulb35.com/wetbulb-temperature/united-states/nebraska/pender,2,4,50%,3
https://www.wetbulb35.com/wetbulb-temperature/united-states/south-carolina/edgefield/,2,4,50%,3
https://www.wetbulb35.com/wetbulb-temperature/united-states/missouri/hamilton,2,4,50%,3.5
https://www.wetbulb35.com/wetbulb-temperature/united-states/tennessee/cordova,2,4,50%,3.5
https://www.wetbulb35.com/wetbulb-temperature/united-states/texas/san-benito,2,4,50%,3.5
https://www.wetbulb35.com/wetbulb-temperature/united-states/north-carolina/boiling-springs,2,4,50%,3.75
https://www.wetbulb35.com/wetbulb-temperature/united-states/texas/rotan,2,4,50%,3.75
https://www.wetbulb35.com/wetbulb-temperature/united-states/tennessee/smyrna,2,4,50%,4.5
https://www.wetbulb35.com/wetbulb-temperature/united-states/arkansas/fordyce,2,3,66.67%,2
https://www.wetbulb35.com/wetbulb-temperature/iraq/basra/basrah/,2,3,66.67%,2.33
https://www.wetbulb35.com/wetbulb-temperature/china/shanghai/shanghai,2,3,66.67%,3
https://www.wetbulb35.com/wetbulb-temperature/italy/lazio/sabaudia,2,3,66.67%,3
https://www.wetbulb35.com/wetbulb-temperature/united-states/alabama/prichard,2,3,66.67%,3.33
https://www.wetbulb35.com/wetbulb-temperature/united-states/illinois/onarga,2,3,66.67%,3.33
https://www.wetbulb35.com/wetbulb-temperature/united-states/california/loomis,2,3,66.67%,3.67
https://www.wetbulb35.com/wetbulb-temperature/united-states/north-carolina/four-oaks,2,3,66.67%,5
https://www.wetbulb35.com/wetbulb-temperature/united-states/north-carolina/spring-lake,2,3,66.67%,5.67
https://www.wetbulb35.com/wetbulb-temperature/italy/lombardy/monza/,2,2,100%,1
https://www.wetbulb35.com/wetbulb-temperature/canada/ontario/tavistock,2,2,100%,1.5
https://www.wetbulb35.com/wetbulb-temperature/indonesia/central-java/cilacap,2,2,100%,2
https://www.wetbulb35.com/wetbulb-temperature/thailand/udon-thani/,2,2,100%,2
https://www.wetbulb35.com/wetbulb-temperature/united-states/florida/kenneth-city,2,2,100%,2
https://www.wetbulb35.com/wetbulb-temperature/united-states/alabama/scottsboro,2,2,100%,2.5
https://www.wetbulb35.com/wetbulb-temperature/united-states/illinois/pontoon-beach,2,2,100%,3
https://www.wetbulb35.com/wetbulb-temperature/united-states/virginia/sterling,2,2,100%,4
https://www.wetbulb35.com/wetbulb-temperature/united-states/california/palo-alto,2,2,100%,4.5
https://www.wetbulb35.com/wetbulb-temperature/united-states/south-carolina/forest-acres/,2,2,100%,5
https://www.wetbulb35.com/wetbulb-temperature/united-states/oklahoma/edmond/,1,211,0.47%,9.23
https://www.wetbulb35.com/wetbulb-temperature/india/delhi/ghitorni/,1,148,0.68%,7.62
https://www.wetbulb35.com/wetbulb-temperature/united-states/georgia/woodstock,1,119,0.84%,7.22
https://www.wetbulb35.com/wetbulb-temperature/united-states/kansas/topeka,1,116,0.86%,7.85
https://www.wetbulb35.com/wetbulb-temperature/united-states/illinois/champaign,1,105,0.95%,7.9
https://www.wetbulb35.com/wetbulb-temperature/united-states/kentucky/bowling-green,1,93,1.08%,7.49
https://www.wetbulb35.com/wetbulb-temperature/united-states/oklahoma/sallisaw,1,76,1.32%,4.25
https://www.wetbulb35.com/wetbulb-temperature/united-states/texas/bryan,1,73,1.37%,6.21
https://www.wetbulb35.com/wetbulb-temperature/united-states/texas/pearland/,1,61,1.64%,5.61
https://www.wetbulb35.com/wetbulb-temperature/united-states/georgia/dacula,1,60,1.67%,5.75
https://www.wetbulb35.com/wetbulb-temperature/united-states/illinois/highland,1,59,1.69%,5.49
https://www.wetbulb35.com/wetbulb-temperature/united-states/illinois/wheaton,1,58,1.72%,5.16
https://www.wetbulb35.com/wetbulb-temperature/united-states/texas/roanoke,1,58,1.72%,5.33
https://www.wetbulb35.com/wetbulb-temperature/united-states/oklahoma/durant,1,58,1.72%,5.95
https://www.wetbulb35.com/wetbulb-temperature/united-states/illinois/bloomington,1,58,1.72%,7.31
https://www.wetbulb35.com/wetbulb-temperature/united-states/texas/atlanta,1,57,1.75%,4.37
https://www.wetbulb35.com/wetbulb-temperature/united-states/illinois/naperville,1,57,1.75%,7.58
https://www.wetbulb35.com/wetbulb-temperature/united-states/tennessee/murfreesboro,1,56,1.79%,8.16
https://www.wetbulb35.com/wetbulb-temperature/united-states/oklahoma/catoosa,1,55,1.82%,4.29
https://www.wetbulb35.com/wetbulb-temperature/united-states/georgia/locust-grove/,1,53,1.89%,5.87
https://www.wetbulb35.com/wetbulb-temperature/united-states/texas/lampasas,1,52,1.92%,4.35
https://www.wetbulb35.com/wetbulb-temperature/united-states/south-carolina/fort-mill/,1,52,1.92%,7.63
https://www.wetbulb35.com/wetbulb-temperature/united-states/oklahoma/cyril,1,50,2%,4.92
https://www.wetbulb35.com/wetbulb-temperature/united-arab-emirates/dubai/zaabeel/,1,49,2.04%,17.92
https://www.wetbulb35.com/wetbulb-temperature/united-states/missouri/cabool,1,48,2.08%,4.33
https://www.wetbulb35.com/wetbulb-temperature/united-states/florida/niceville/,1,47,2.13%,5.74
https://www.wetbulb35.com/wetbulb-temperature/india/gujarat/surat/,1,47,2.13%,24.62
https://www.wetbulb35.com/wetbulb-temperature/united-states/mississippi/flowood,1,46,2.17%,3.65
https://www.wetbulb35.com/wetbulb-temperature/united-states/kansas/lawrence,1,46,2.17%,5.15
https://www.wetbulb35.com/wetbulb-temperature/united-states/georgia/valdosta/,1,45,2.22%,9.67
https://www.wetbulb35.com/wetbulb-temperature/united-states/north-carolina/mooresville/,1,45,2.22%,10.31
https://www.wetbulb35.com/wetbulb-temperature/united-states/missouri/saint-joseph,1,44,2.27%,4.36
https://www.wetbulb35.com/wetbulb-temperature/united-states/oklahoma/guthrie,1,43,2.33%,5.65
https://www.wetbulb35.com/wetbulb-temperature/united-states/florida/naples,1,43,2.33%,8.44
https://www.wetbulb35.com/wetbulb-temperature/united-states/texas/leander/,1,43,2.33%,10.42
https://www.wetbulb35.com/wetbulb-temperature/united-states/minnesota/mankato/,1,42,2.38%,6.14
https://www.wetbulb35.com/wetbulb-temperature/saudi-arabia/riyadh-region/,1,42,2.38%,10
https://www.wetbulb35.com/wetbulb-temperature/united-states/texas/hurst,1,41,2.44%,5.34
https://www.wetbulb35.com/wetbulb-temperature/united-states/illinois/barrington,1,41,2.44%,7.41
https://www.wetbulb35.com/wetbulb-temperature/united-states/north-carolina/greenville,1,41,2.44%,7.78
https://www.wetbulb35.com/wetbulb-temperature/united-states/north-carolina/jacksonville,1,41,2.44%,8.8
https://www.wetbulb35.com/wetbulb-temperature/united-states/illinois/monmouth/,1,40,2.5%,5.17
https://www.wetbulb35.com/wetbulb-temperature/united-states/illinois/plainfield,1,40,2.5%,5.58
https://www.wetbulb35.com/wetbulb-temperature/united-states/south-carolina/camden,1,40,2.5%,5.88
https://www.wetbulb35.com/wetbulb-temperature/united-states/missouri/ashland,1,39,2.56%,4.54