Top queries,Clicks,Impressions,CTR,Position
wet bulb temperature prosper tx,42,89,47.19%,2.37
wet bulb temperature today near me,3,10,30%,6.9
wet bulb temperature chennai,2,11,18.18%,3.36
current wet bulb temperature my location,1,67,1.49%,11.55
wet bulb temperature delhi,1,47,2.13%,9.02
wet bulb temperature calculator,1,9,11.11%,89.89
prosper wet bulb temperature,1,7,14.29%,6.14
wet bulb temperature gurgaon,1,3,33.33%,4.33
herrin illinois,1,1,100%,1
malaysia wet bulb temperature,1,1,100%,10
weather pairamatihana,0,51,0%,6.63
wet bulb temperature today,0,46,0%,8.28
wet bulb tupelo ms,0,29,0%,6.03
today wet bulb temperature,0,24,0%,12.75
austin temperature,0,23,0%,28.74
wet bulb temperature jacksonville fl,0,18,0%,11.11
wet bulb temperature mckinney tx,0,17,0%,7.18
"""omni calculator""",0,17,0%,13.88
wet bulb temperature kolkata,0,15,0%,2.13
temperature surat,0,15,0%,10.67
current wet bulb temperature my location today,0,14,0%,7.07
wet bulb temperature denton tx,0,13,0%,5.38
current wet bulb temperature,0,13,0%,14.31
wbgt today near me,0,12,0%,10.42
temp gilbert az,0,12,0%,23.5
chennai wet bulb temperature,0,11,0%,10.09
temperature jersey city,0,10,0%,19.6
site:www.wetbulb35.com,0,10,0%,46
wb temperature,0,10,0%,84.4
wet bulb temperature delhi today,0,9,0%,3.44
wet bulb temperature tupelo ms,0,9,0%,5.44
rome temperature,0,9,0%,27.78
delhi wet bulb temperature,0,9,0%,34.56
wet bulb temperature at my location,0,8,0%,6.25
wet bulb temperature edmond ok,0,8,0%,9.5
wet bulb temperature now,0,8,0%,24.88
delhi wet bulb temperature today,0,7,0%,4.43
wet bulb temperature in my location,0,7,0%,6.14
temperature,0,7,0%,7.29
wet bulb temp edmond ok,0,7,0%,9
today dry bulb and wet bulb temperature,0,7,0%,10
today's wet bulb temperature,0,7,0%,33.29
turaif weather,0,7,0%,70.14
temperature in kota,0,6,0%,8.83
kolkata wet bulb temperature,0,6,0%,15
wet bulb temperature near me,0,6,0%,30.5
today's wet bulb temperature near me,0,5,0%,7.8
what is the wet bulb temperature today,0,5,0%,8.4
temperature kota,0,5,0%,9.2
what is the current wet bulb temperature near me,0,5,0%,9.6
temperature panchkula,0,5,0%,9.8
wet bulb temperature jonesboro ar,0,5,0%,10
uk wet bulb temperature,0,5,0%,75.4
wet bulb temperature uk,0,5,0%,76.8
wet bulb madison ms,0,4,0%,7
wet bulb temperature italy,0,4,0%,7.75
wet bulb temperature augusta ga,0,4,0%,9.5
wet bulb temperature tucson,0,4,0%,21
temperature in black mountain north carolina,0,4,0%,29.5
wet bulb temps today,0,4,0%,57.25
humidity in surat,0,4,0%,62.75
wet bulb temperature australia,0,4,0%,70.25
wet bulb temperatures uk,0,4,0%,78.25
bulb temperature,0,4,0%,79.25
wet bulb calculator,0,4,0%,91
wet bulb temperature in delhi today,0,3,0%,5.67
temperature gajuwaka,0,3,0%,6
omni wet bulb calculator,0,3,0%,10
wet bulb temperature fayetteville ar,0,3,0%,10
wet bulb temperature malaysia,0,3,0%,10.67
lake oswego temperature,0,3,0%,28.33
wet bulb temperature vienna,0,3,0%,32
wet bulb globe temperature near me,0,3,0%,38.67
vremea blejoi,0,3,0%,40.67
wet bulb temperature philippines,0,3,0%,43.67
red sea water temperature,0,3,0%,51.67
aviston il weather,0,3,0%,56
väder vikingstad,0,3,0%,59.67
surat humidity,0,3,0%,61.33
water temperature in red sea,0,3,0%,62.67
wet bulb temperature houston,0,3,0%,64.67
wet bulb temperature portland,0,3,0%,69
what is the wbgt right now,0,3,0%,70
wet bulb temperature magyarul,0,3,0%,72
lake wylie water temperature,0,3,0%,76
db temp,0,3,0%,76.33
humidity in baton rouge,0,3,0%,78.33
wet bulb temperature in french,0,3,0%,78.33
wet bulb temperature conversion,0,3,0%,89.33
wet bulb temperature bangalore,0,2,0%,2
what is wet bulb temperature today,0,2,0%,4
wet bulb temp london,0,2,0%,6
wet bulb temp today,0,2,0%,6.5
wet bulb temperature ireland,0,2,0%,6.5
wet bulb temperature my location,0,2,0%,6.5
temperature in alexandria,0,2,0%,7
wet bulb temperature malta,0,2,0%,8
temperature haldwani,0,2,0%,8.5
temperature in jodhpur,0,2,0%,8.5
wet bulb temperature of delhi,0,2,0%,8.5
wet bulb temperature knoxville tn,0,2,0%,9.5
temperature bareilly,0,2,0%,12
temperature sweden,0,2,0%,13
ghitorni temperature,0,2,0%,21
vedea giurgiu,0,2,0%,21.5
dubai wet bulb temperature,0,2,0%,24.5
current temperature in geneva switzerland,0,2,0%,25
current temp in chandler,0,2,0%,26.5
days bay water temperature,0,2,0%,39
cuaca batu kawan,0,2,0%,40.5
temperature sensing severna park md,0,2,0%,42.5
nlr temperature,0,2,0%,50.5
what is the wet bulb temperature right now,0,2,0%,50.5
weather in winnie texas,0,2,0%,53
weather cerro azul,0,2,0%,56.5
cushing ok weather,0,2,0%,58.5
kirkkonummi weather,0,2,0%,58.5
mumbai wet bulb temperature,0,2,0%,58.5
water temperature red sea,0,2,0%,58.5
barometric pressure jackson tn,0,2,0%,59
wet bulb temperature north carolina,0,2,0%,59
doha wet bulb temperature,0,2,0%,60
weather in cushing ok,0,2,0%,61
air and temperature,0,2,0%,62
bellingham humidity,0,2,0%,62.5
dew point chennai,0,2,0%,62.5
tucson wet bulb temperature,0,2,0%,63
wet bulb temperature texas,0,2,0%,63
does it snow in aviano italy,0,2,0%,64.5
water temp newport ri,0,2,0%,65.5
powdersville sc weather,0,2,0%,68
turaif saudi arabia weather,0,2,0%,68
wet bulb temperature nyc,0,2,0%,68
accuweather wet bulb temperature,0,2,0%,68.5
humidity boise,0,2,0%,70
wet bulb temperature svenska,0,2,0%,70
wet bulb temperature,0,2,0%,71
wet chicago,0,2,0%,72
weather schulenburg tx 78956,0,2,0%,73.5
walnut temperature,0,2,0%,74
wet bulb temperature right now,0,2,0%,74.5
water temperature lake wylie,0,2,0%,75.5
humidity in rhode island,0,2,0%,77
temperature in red sea,0,2,0%,77
35 wet bulb,0,2,0%,80
ahmedabad wet bulb temperature,0,2,0%,81
wet bulb temperature met office,0,2,0%,81.5
wet bulb temperature for my location,0,2,0%,83.5
wet bulb temperature forecast,0,2,0%,84.5
dubaso,0,2,0%,85.5
wet-bulb temperature calculator,0,2,0%,85.5
wbgt uk,0,2,0%,90
wet bulb temp calculator,0,2,0%,92.5
temperature wb,0,2,0%,94
destin humidity control,0,2,0%,95.5
live temperature bhubaneswar,0,1,0%,3
wet bulb temperature in chennai,0,1,0%,3
roorkee temperature today,0,1,0%,4
wet bulb temperature in delhi,0,1,0%,4
temperature in roorkee,0,1,0%,5
temperature santa cruz,0,1,0%,5
is it wet bulb right now,0,1,0%,6
wet bulb temperature my location today,0,1,0%,6
wet bulb temperature ottawa,0,1,0%,6
wet riom,0,1,0%,6
what is today's wet bulb temperature,0,1,0%,6
what is todays wet bulb temperature,0,1,0%,6
temperature alabang,0,1,0%,7
temperature in bhubaneswar,0,1,0%,7
wet bulb temp at my location,0,1,0%,7
current wet bulb temp,0,1,0%,8
wet bulb near me,0,1,0%,8
wet bulb temperature france,0,1,0%,8
wet bulb temperature nashville,0,1,0%,9
wet bulb temperature peoria il,0,1,0%,9
current wet bulb temperature near me,0,1,0%,10
france nice temperature,0,1,0%,10
wet bulb temperature in france,0,1,0%,10
bihta temperature,0,1,0%,11
madhubani temperature,0,1,0%,11
temperature in surat,0,1,0%,11
todays wet bulb temp,0,1,0%,11
wet bulb temperature columbus ohio,0,1,0%,11
wet bulb temperature currently,0,1,0%,11
wet bulb temperature dubai,0,1,0%,11
wet bulb temperature frisco,0,1,0%,11
wet bulb temperature little rock,0,1,0%,11
austin current temperature,0,1,0%,12
current temperature kashipur,0,1,0%,13
temperature in haldwani,0,1,0%,15
current temperature salisbury,0,1,0%,18
temp in surat,0,1,0%,18
sedona temperature,0,1,0%,19
wet bulb temperature san diego,0,1,0%,19
temperature austin,0,1,0%,20
kitchener temperature,0,1,0%,21
temperature in budapest,0,1,0%,21
weather lingiadih,0,1,0%,21
temperature jodhpur,0,1,0%,23
birpara temperature,0,1,0%,25
goa temperature,0,1,0%,25
temperatures rome,0,1,0%,25
nice france temperature,0,1,0%,27
temperature in tirupati,0,1,0%,27
brussels temperature,0,1,0%,28
cuaca sungai koyan,0,1,0%,28
what is the temperature in mesa arizona,0,1,0%,28
tirupati temperature,0,1,0%,29
vienna temperature,0,1,0%,29
temperature frankfurt,0,1,0%,30
meteo cocieri,0,1,0%,31
hilton head temperature,0,1,0%,32
gagret temperature,0,1,0%,34
vremea blejoi prahova,0,1,0%,39
angul temperature,0,1,0%,41
tom bean tx weather,0,1,0%,41
76050 weather,0,1,0%,42
meteo blejoi,0,1,0%,42
tom bean weather,0,1,0%,43
manhattan ks pollen count,0,1,0%,44
barometric pressure in toledo ohio,0,1,0%,45
weather in anson texas,0,1,0%,45
anson texas weather,0,1,0%,46
anson tx weather,0,1,0%,47
humidity arlington va,0,1,0%,47
pojoaque weather,0,1,0%,47
temperature in rumford maine,0,1,0%,47
weather in farmerville louisiana,0,1,0%,47
62258 weather,0,1,0%,48
black river weather,0,1,0%,48
weather aviston,0,1,0%,48
weather toulon il,0,1,0%,48
baumholder weather,0,1,0%,49
novar gardens weather,0,1,0%,49
weather 02859,0,1,0%,49
pascoag ri weather,0,1,0%,50
weather 62258,0,1,0%,50
weather mascoutah illinois,0,1,0%,50
abu arish weather,0,1,0%,51
arizona wet bulb temperature,0,1,0%,51
mascoutah il weather,0,1,0%,51
mbc temperature,0,1,0%,51
temperature in barranquilla,0,1,0%,51
turaif temperature today,0,1,0%,51
weather anson tx,0,1,0%,51
alhambra humidity,0,1,0%,52
batu kawan weather,0,1,0%,52
cushing oklahoma weather,0,1,0%,52
humidity windsor,0,1,0%,52
new haven humidity,0,1,0%,52
weather pojoaque,0,1,0%,52
weather winnie texas,0,1,0%,52
winnfield weather,0,1,0%,52
humidity in waterloo,0,1,0%,53
weather baumholder,0,1,0%,53
wet point,0,1,0%,53
air quality ravenna ohio,0,1,0%,54
batu kawan weather forecast,0,1,0%,54
dr phillips weather,0,1,0%,54
humidity bellingham wa,0,1,0%,54
water temperature kolkata,0,1,0%,54
weather aviston il,0,1,0%,54
weather in fort polk louisiana,0,1,0%,54
weather winnie,0,1,0%,54
weatherbug wet bulb temperature,0,1,0%,54
wet bulb temperature tomorrow,0,1,0%,54
what is the humidity in tampa florida,0,1,0%,54
winnfield louisiana weather,0,1,0%,54
meteo echenoz la meline,0,1,0%,55
shusha weather,0,1,0%,55
weather 71241,0,1,0%,55
weather blountstown fl,0,1,0%,55
weather five forks,0,1,0%,55
weather for winnie tx,0,1,0%,55
weather forecast for blountstown florida,0,1,0%,55
weather sunray tx,0,1,0%,55
wet bulb tracker,0,1,0%,55
76078 weather,0,1,0%,56
doctor phillips weather,0,1,0%,56
gorman tx weather,0,1,0%,56
guaranda clima,0,1,0%,56
humidity tampa,0,1,0%,56
temp rwth,0,1,0%,56
turaif weather in january,0,1,0%,56
wbgt near me,0,1,0%,56
weather for fort polk louisiana,0,1,0%,56
wet bulb temperature boston,0,1,0%,56
kitchener humidity,0,1,0%,57
temperature of red sea,0,1,0%,57
troy tx weather,0,1,0%,57
wbgt austin,0,1,0%,57
what is the temperature of the deschutes river in bend oregon,0,1,0%,57
zodri,0,1,0%,57
blountstown fl weather,0,1,0%,58
dr philips weather,0,1,0%,58
fort polk louisiana weather,0,1,0%,58
gorman texas weather,0,1,0%,58
mcgehee ar weather,0,1,0%,58
stillwater temperature,0,1,0%,58
uv index barranquilla,0,1,0%,58
wbgt right now,0,1,0%,58
wet bulb temperature austin,0,1,0%,58
aachen humidity,0,1,0%,59
abu temperature,0,1,0%,59
humidity in grand junction co,0,1,0%,59
milazzo weather,0,1,0%,59
red sea temperature hurghada,0,1,0%,59
son temperature,0,1,0%,59
temperature aqaba,0,1,0%,59
weather mcgehee ar,0,1,0%,59
what is the temperature of the deschutes river,0,1,0%,59
electra tx weather,0,1,0%,60
fort polk la weather,0,1,0%,60
gilbert az humidity,0,1,0%,60
holdenville weather,0,1,0%,60
wageningen temperature,0,1,0%,60
weather 76078,0,1,0%,60
weather at fort polk louisiana,0,1,0%,60
weather in turaif,0,1,0%,60
wet bulb temperature greenville sc,0,1,0%,60
barometric pressure manhattan ks,0,1,0%,61
meteo în hotarele,0,1,0%,61
tampa humidity,0,1,0%,61
weather cushing ok,0,1,0%,61
westerhoven weather,0,1,0%,61
wet bulb minnesota,0,1,0%,61
electra texas weather,0,1,0%,62
fairbanks humidity,0,1,0%,62
meteo foum zguid,0,1,0%,62
soak temperature,0,1,0%,62
weather in fort polk,0,1,0%,62
kelvin scale vizag,0,1,0%,63
newport temperature meter,0,1,0%,63
vikingstad väder,0,1,0%,63
wet bulb temperature san antonio,0,1,0%,63
bellingham bay water temp,0,1,0%,64
fort polk weather,0,1,0%,64
meteo girifalco,0,1,0%,64
weather geneva fl,0,1,0%,64
baumholder germany weather,0,1,0%,65
cerro azul panama weather,0,1,0%,65
heat bulb calculator,0,1,0%,65
highest temperature in surat,0,1,0%,65
humidity in tucson,0,1,0%,65
providence humidity,0,1,0%,65
weather turaif today,0,1,0%,65
wet weather?,0,1,0%,65
bells tx weather,0,1,0%,66
heat index boca raton,0,1,0%,66
water temp hilton head,0,1,0%,66
weather forecast turaif,0,1,0%,66
weather schulenburg,0,1,0%,66
wet bulb temperature dallas,0,1,0%,66
dammam humidity,0,1,0%,67
hilton head island water temp,0,1,0%,67
hilton head water temp,0,1,0%,67
red sea water temp,0,1,0%,67
turaif weather in winter,0,1,0%,67
water temperature deschutes river bend,0,1,0%,67
weather fort polk,0,1,0%,67
weather powdersville sc,0,1,0%,67
weothot,0,1,0%,67
wet bulb calculator online,0,1,0%,67
is midland texas humid,0,1,0%,68
nc wet bulb temperature,0,1,0%,68
red sea temperatures,0,1,0%,68
temp humidity,0,1,0%,68
temperatur linth,0,1,0%,68
belmont ms weather,0,1,0%,69
temperature at current location,0,1,0%,69
warsaw humidity,0,1,0%,69
water temperature vienna,0,1,0%,69
weather port augusta west,0,1,0%,69
wet bulb calcualtor,0,1,0%,69
wet bulb temperature mumbai,0,1,0%,69
bari humidity,0,1,0%,70
noble oklahoma weather,0,1,0%,70
patterson lakes weather,0,1,0%,70
hilton head island water temperature,0,1,0%,71
laboua,0,1,0%,71
temperature of the red sea,0,1,0%,71
humidity level in hyderabad,0,1,0%,72
1 temperature,0,1,0%,73
china's wet bulb,0,1,0%,73
weather for schulenburg texas,0,1,0%,73
weather turaif,0,1,0%,73
wet bulb temperature calc,0,1,0%,73
wet bulb temperature louisiana,0,1,0%,73
yuba water temp,0,1,0%,73
hhi water temp,0,1,0%,74
humidity beirut,0,1,0%,74
intermediate temperature,0,1,0%,74
deschutes river temperature bend,0,1,0%,75
horizon temperature,0,1,0%,75
humidity rhode island,0,1,0%,75
nokomis water temp,0,1,0%,75
ocean temperature newport ri,0,1,0%,75
temperature and humidity,0,1,0%,75
wet bulb calc,0,1,0%,75
willard bay water temperature,0,1,0%,75
base temperature,0,1,0%,76
lake nokomis water temp,0,1,0%,76
the temperature,0,1,0%,77
baton rouge weather in celsius,0,1,0%,78
hood river water temp,0,1,0%,78
lake oswego water temperature,0,1,0%,78
tawas bay water temp,0,1,0%,78
warm mineral springs temperature,0,1,0%,78
wet bulb 35,0,1,0%,79
wet bulb temperature po polsku,0,1,0%,79
wet bulb website,0,1,0%,79
bubble temperature,0,1,0%,80
modal temperature,0,1,0%,80
ambient temperature,0,1,0%,81
met office wet bulb globe temperature,0,1,0%,81
act temperature,0,1,0%,82
expert pollenza,0,1,0%,83
indoor wet bulb,0,1,0%,83
lake wylie water temp,0,1,0%,83
omni calculator wet bulb,0,1,0%,83
temperature show,0,1,0%,83
waco surf water temp,0,1,0%,83
warm mineral springs water temperature,0,1,0%,83
wet bulb temperature pakistan,0,1,0%,83
key wet,0,1,0%,84
dry temperature,0,1,0%,85
humidity rome,0,1,0%,85
wet bulb temperature in india,0,1,0%,85
bulb temp,0,1,0%,86
temperature dry,0,1,0%,86
temperature id,0,1,0%,86
baton rouge humidity,0,1,0%,87
glenwood hot springs temperature,0,1,0%,87
wbgt forcast,0,1,0%,87
we bulb,0,1,0%,87
it degrees west jordan,0,1,0%,88
wet temperature,0,1,0%,90
globe temp,0,1,0%,91
temperature c,0,1,0%,91
what temperature,0,1,0%,91
35c wet bulb,0,1,0%,92
testing temperature,0,1,0%,92
vernis temperature,0,1,0%,92
wet bulb temp,0,1,0%,92
wet bulb temperature weather,0,1,0%,92
wet bulb weather,0,1,0%,92
humidity control o'fallon,0,1,0%,93
wbgt 35,0,1,0%,93
wet bulb temp here,0,1,0%,93
wet temp,0,1,0%,93
buitentemperatuur,0,1,0%,94
garobo,0,1,0%,95
stuttgart flut,0,1,0%,95
weather wet bulb temperature,0,1,0%,95
nice humidity,0,1,0%,96
sunlight temperature,0,1,0%,96
wet bulb globe temperature uk,0,1,0%,96
temperature ben arous,0,1,0%,97
omni calculator,0,1,0%,98
temperature wet bulb calculator,0,1,0%,100
usual temperature,0,1,0%,100
euroa weather,0,1,0%,135