Date,Total crawl requests,Total download size (Bytes),Average response time (ms)
2026-06-13,304,723743,170
2026-06-14,94,294956,202
2026-06-15,192,446356,322
2026-06-16,549,1781642,168
2026-06-17,2122,5881268,152
2026-06-18,6823,16496140,133
2026-06-19,1654,4037279,146
2026-06-20,1780,4135054,151
2026-06-21,1451,3441353,154
2026-06-22,528,1362637,231
2026-06-23,259,948090,222
2026-06-24,169,384408,230
2026-06-25,130,323521,268
2026-06-26,222,6246389,245
2026-06-27,5478,3894667736,301
2026-06-28,1666,1097826158,333
2026-06-29,219,173615309,1401
2026-06-30,462,479526007,1000
2026-07-01,637,776764592,426
2026-07-02,1057,1262234287,363
2026-07-03,1168,1205381317,330
2026-07-04,442,570345762,388
2026-07-05,607,703840047,291
2026-07-06,575,608632744,283
2026-07-07,308,400270624,276
2026-07-08,507,491009803,254
2026-07-09,879,841803480,234
2026-07-10,764,745307256,215
2026-07-11,618,902331487,275
2026-07-12,378,392502121,227
2026-07-13,383,400586760,220
2026-07-14,196,190898973,213
2026-07-15,273,281458621,214
2026-07-16,417,466621772,260
2026-07-17,615,689612761,247
2026-07-18,438,502347807,280
2026-07-19,462,481631626,225
2026-07-20,739,805630863,250
2026-07-21,799,863757728,250
2026-07-22,1054,1145835187,258
2026-07-23,776,807429912,295
2026-07-24,530,481584282,260
2026-07-25,732,856599663,289
2026-07-26,852,1087205809,308
2026-07-27,563,604080121,283
2026-07-28,667,665602592,268
2026-07-29,847,769619282,262
2026-07-30,1182,1175724124,260
2026-07-31,1348,1317683922,255
2026-08-01,693,729959491,268
2026-08-02,825,795837048,284
2026-08-03,875,782387860,255
2026-08-04,854,667724818,267
2026-08-05,751,552457822,247
2026-08-06,1540,1518987005,298
2026-08-07,1355,1383895528,300
2026-08-08,1407,1501556328,301
2026-08-09,4247,4393561537,374
2026-08-10,732,1022915420,383
2026-08-11,609,711383446,318
2026-08-12,869,965993453,312
2026-08-13,1162,1282765623,484
2026-08-14,2827,3103091669,298
2026-08-15,2074,2439118270,337
2026-08-16,1428,1582446271,443
2026-08-17,680,770461992,301
2026-08-18,768,672620776,298
2026-08-19,1611,1867414884,302
2026-08-20,879,810844224,323
2026-08-21,864,886828566,278
2026-08-22,734,798607925,282
2026-08-23,743,847775019,339
2026-08-24,671,795888255,357
2026-08-25,956,1062646392,325
2026-08-26,615,605275831,326
2026-08-27,1781,2095400136,313
2026-08-28,619,507228830,273
2026-08-29,1213,1286490193,294
2026-08-30,744,692675125,261
2026-08-31,1393,1236609265,261
2026-09-01,1909,1961810271,285
2026-09-02,1209,1060998749,269
2026-09-03,1356,1237200900,271
2026-09-04,2773,2632399183,265
2026-09-05,1436,1345192792,264
2026-09-06,966,824720984,263
2026-09-07,662,479008754,251
2026-09-08,522,460764299,345
2026-09-09,638,1287895027,427
2026-09-10,820,969555226,329